1,1,3,1,1,2,1,1,1,1,1,2,2,3,2,10,2,164000,0.4,98400,1,2,2,1
2,2,5,1,2,3,1,2,4,1,2,2,1,3,1,8,1,183000,0.2,146400,1,2,3,0
3,2,4,1,1,3,2,2,3,3,2,1,2,1,2,10,2,195000,0.1,175500,2,2,3,1
4,2,2,1,1,2,1,1,1,4,2,1,2,3,2,7,1,240000,0.1,216000,1,1,3,0
5,1,3,2,1,2,1,1,1,4,2,2,1,1,3,9,2,154000,0.2,123200,2,1,1,1
6,1,4,1,1,2,2,3,1,4,2,2,2,2,2,10,3,189000,0.1,170100,2,3,3,0
7,2,3,1,1,2,1,1,1,2,2,2,1,3,2,9,3,220000,0.1,198000,2,2,3,1
8,2,4,1,1,2,2,1,1,3,1,2,2,3,3,13,2,155000,0.1,139500,2,2,1,0
9,1,4,1,2,3,1,3,2,4,2,1,1,3,2,10,2,258000,0.15,219300,2,1,1,0
10,2,2,1,1,2,1,1,2,3,1,1,1,3,2,12,2,182000,0.2,145600,2,3,2,0
11,1,2,1,2,1,2,2,1,3,2,1,2,3,1,9,2,169000,0.15,143650,2,1,2,1
12,2,1,1,1,2,2,1,1,4,2,2,2,3,1,8,3,111000,0.15,94350,2,3,2,0
13,2,4,2,1,1,2,3,1,4,2,2,1,1,1,9,3,182000,0.1,163800,1,3,1,1
14,1,5,1,1,2,1,2,1,3,1,1,2,3,2,6,2,162000,0.15,137700,2,2,2,0
15,2,4,1,1,2,1,1,1,4,2,2,1,3,1,7,3,176000,0.15,149600,2,3,3,0
16,1,2,2,2,2,2,3,1,3,2,1,1,3,2,11,3,201000,0.1,180900,1,2,1,0
17,1,3,1,2,2,2,1,1,4,1,2,1,1,2,11,3,168000,0.1,151200,1,2,1,1
18,1,4,2,2,2,1,1,2,4,2,2,1,3,2,12,2,179000,0.1,161100,1,3,2,1
19,1,4,1,1,3,2,4,1,4,2,2,2,3,2,9,2,145000,0.15,123250,2,2,2,1
20,1,1,1,2,2,1,1,1,3,1,2,1,3,1,8,3,166000,0.2,132800,2,3,3,1
21,2,1,2,2,1,2,1,1,4,2,1,1,3,2,9,2,154000,0.1,138600,2,1,3,0
22,1,2,1,2,3,1,1,2,4,1,2,1,2,4,11,3,203000,0.1,182700,2,3,1,1
23,1,4,1,2,3,1,1,1,4,2,2,2,3,1,10,3,205000,0.2,164000,2,1,2,1
24,1,2,2,1,2,2,3,1,4,1,1,1,3,1,10,1,148000,0.1,133200,2,2,2,0
25,1,3,1,2,2,1,2,1,2,1,2,1,1,3,7,2,128000,0.1,115200,1,2,2,1
26,1,5,1,2,3,1,3,1,1,2,1,2,1,2,9,3,195000,0.15,165750,2,2,1,1
27,2,3,2,2,2,1,3,2,2,2,2,2,3,2,10,1,185000,0.1,166500,1,3,2,1
28,2,2,2,2,1,2,1,2,3,2,1,1,3,1,8,3,140000,0.1,126000,1,2,3,0
29,1,4,1,1,3,1,2,1,4,2,1,2,3,3,10,3,204000,0.15,173400,2,2,2,0
30,1,2,1,2,2,1,3,1,2,2,1,2,3,2,6,3,154000,0.1,138600,1,2,2,0
31,2,4,2,2,2,1,2,1,4,1,2,1,3,2,5,1,189000,0.1,170100,2,2,3,1
32,1,2,1,2,2,2,1,3,3,2,2,1,2,2,9,1,189000,0.2,151200,2,2,2,1
33,1,3,2,2,2,2,4,1,3,2,1,2,2,4,8,2,145000,0.2,116000,2,3,2,1
34,2,4,1,2,3,2,3,1,3,1,2,1,3,4,8,3,184000,0.15,156400,1,2,1,1
35,2,5,2,1,2,2,1,1,4,2,2,2,2,2,13,2,146000,0.1,131400,1,1,2,0
36,1,4,1,1,3,2,3,1,4,1,2,2,2,2,6,3,199000,0.15,169150,2,1,2,0
37,1,4,1,1,3,2,1,1,2,2,2,2,3,3,7,3,195000,0.1,175500,1,1,2,1
38,2,2,1,1,2,1,4,1,1,2,1,2,2,1,11,2,90000,0.1,81000,1,2,2,1
39,1,4,2,2,3,1,1,3,3,1,2,1,1,1,7,1,165000,0.1,148500,2,3,2,1
40,1,4,1,2,2,2,3,1,4,1,2,1,3,2,6,2,205000,0.15,174250,1,2,1,1
41,1,1,1,2,1,1,1,1,4,2,2,1,2,2,11,3,176000,0.2,140800,2,2,1,1
42,1,5,1,2,2,2,1,3,3,1,1,2,1,2,8,3,84000,0.2,67200,2,3,1,1
43,2,4,1,1,3,1,1,1,3,2,2,2,3,3,7,2,213000,0.1,191700,1,1,3,1
44,1,5,1,2,2,1,1,1,3,2,2,1,3,2,7,2,172000,0.1,154800,1,3,1,1
45,2,4,1,1,2,1,2,1,4,2,1,1,2,2,10,2,186000,0.2,148800,2,3,3,1
46,2,4,1,1,2,1,1,1,3,2,2,2,3,1,9,3,159000,0.15,135150,1,2,2,0
47,2,4,2,2,3,2,1,1,2,1,1,2,2,4,15,2,131000,0.1,117900,2,1,3,0
48,1,2,1,2,2,1,3,1,3,1,2,2,3,2,8,3,244000,0.15,207400,2,2,1,0
49,2,4,2,2,2,2,3,1,4,1,2,2,3,1,11,3,178000,0.1,160200,2,2,2,0
50,2,4,1,2,2,2,1,1,3,2,1,2,2,2,11,2,199000,0.2,159200,2,2,1,0
51,2,4,1,2,2,2,1,2,4,2,1,2,3,1,10,3,159000,0.15,135150,2,2,3,0
52,2,4,2,2,2,1,1,4,4,2,1,2,3,2,6,3,159000,0.1,143100,2,2,3,1
53,1,4,2,2,2,2,2,2,4,2,1,1,2,2,6,3,147000,0.1,132300,2,2,2,0
54,1,3,1,2,2,1,2,1,3,2,1,1,3,2,6,3,172000,0.15,146200,1,1,2,1
55,1,4,1,2,2,1,2,1,3,1,2,2,2,2,9,1,202000,0.2,161600,2,3,3,1
56,1,4,1,2,1,2,1,3,4,2,1,1,2,2,10,1,268000,0.2,214400,1,2,3,1
57,2,2,2,1,2,2,3,1,4,1,2,1,3,1,5,1,143000,0.2,114400,1,3,1,0
58,1,4,1,2,1,2,1,1,4,2,1,2,3,2,11,2,175000,0.15,148750,1,2,2,1
59,1,4,1,1,2,2,3,1,4,1,2,1,2,2,9,1,125000,0.15,106250,1,2,3,0
60,1,1,1,1,2,2,3,1,4,2,1,2,3,3,13,3,198000,0.2,158400,2,3,2,0
61,1,2,1,2,1,2,2,4,2,1,2,2,3,2,10,1,187000,0.15,158950,1,2,2,0
62,2,4,2,1,2,1,2,4,3,1,2,1,3,2,8,2,181000,0.1,162900,1,2,2,1
63,1,2,1,1,3,1,3,1,2,2,1,2,2,1,9,2,223000,0.15,189550,1,3,2,0
64,2,3,1,2,2,2,3,1,4,1,2,1,3,2,8,3,281000,0.2,224800,1,3,2,0
65,1,4,2,2,2,1,2,1,3,2,1,1,2,3,6,3,138000,0.1,124200,2,3,1,1
66,2,4,1,1,2,1,3,1,2,1,1,2,3,1,5,3,181000,0.15,153850,2,1,1,0
67,1,3,1,2,3,2,3,1,1,2,1,1,3,2,8,1,183000,0.1,164700,1,3,1,0
68,2,5,2,1,2,1,1,1,4,2,2,1,3,2,9,1,168000,0.15,142800,2,1,3,0
69,2,4,2,1,3,1,1,4,4,2,1,2,3,3,14,3,177000,0.1,159300,1,2,3,0
70,2,2,2,2,2,1,1,1,4,2,2,1,3,1,8,3,178000,0.1,160200,1,2,3,0
71,1,5,1,1,2,1,2,1,2,1,1,1,3,2,9,1,206000,0.1,185400,1,3,1,1
72,2,4,1,1,1,2,1,1,1,1,1,2,2,2,7,3,163000,0.2,130400,2,2,2,0
73,2,3,1,1,2,2,3,1,4,1,2,2,2,2,9,3,182000,0.1,163800,1,2,2,0
74,1,3,2,1,3,2,2,1,4,2,2,1,3,1,11,2,71000,0.15,60350,1,2,1,0
75,2,1,2,1,1,2,1,1,4,1,1,2,3,1,10,3,211000,0.15,179350,2,2,2,0
76,1,4,1,2,2,1,3,1,4,2,2,2,3,2,9,3,162000,0.1,145800,1,2,3,0
77,2,4,1,1,3,2,1,1,3,1,2,1,3,2,9,2,212000,0.15,180200,2,2,2,0
78,2,4,1,1,2,1,1,1,3,2,1,2,3,1,8,2,186000,0.1,167400,2,3,2,0
79,2,5,2,2,3,1,3,1,2,1,1,1,1,2,7,3,168000,0.1,151200,2,1,2,0
80,1,5,2,1,2,1,3,2,1,2,2,2,2,2,8,2,177000,0.1,159300,1,1,2,0
81,2,5,1,2,2,1,1,1,3,2,1,1,3,2,7,3,101000,0.2,80800,2,1,2,0
82,2,2,2,2,2,1,4,1,3,2,2,1,3,3,9,2,185000,0.1,166500,1,3,2,0
83,2,5,2,2,2,2,4,1,4,2,1,2,3,3,10,3,191000,0.15,162350,2,2,2,0
84,1,5,1,1,3,1,3,1,1,2,1,1,2,2,12,3,188000,0.2,150400,1,2,1,0
85,2,4,2,2,1,2,1,4,2,2,2,2,1,2,9,3,214000,0.15,181900,2,2,1,0
86,2,4,1,1,2,2,1,1,2,2,1,2,3,1,6,3,218000,0.1,196200,1,3,3,0
87,1,4,1,2,3,2,2,1,4,1,1,2,2,3,5,1,142000,0.1,127800,1,2,1,0
88,1,4,1,1,1,1,3,1,4,2,2,2,2,2,8,2,185000,0.15,157250,1,3,2,0
89,1,4,1,2,3,2,2,1,1,2,1,2,3,2,10,3,173000,0.1,155700,2,3,2,0
90,1,5,1,2,2,2,3,2,2,2,2,2,2,1,11,3,118000,0.15,100300,1,2,1,0
91,2,5,2,1,3,2,2,4,2,1,1,2,2,2,9,3,189000,0.1,170100,2,2,3,1
92,1,5,1,1,2,2,2,4,4,2,2,2,3,2,7,3,228000,0.15,193800,2,1,2,1
93,1,1,2,1,2,1,2,1,1,1,2,1,3,1,11,3,186000,0.1,167400,2,1,2,1
94,1,4,1,1,1,2,1,3,1,1,2,2,3,1,13,3,183000,0.15,155550,2,2,2,1
95,1,3,2,2,3,1,1,1,3,1,2,1,2,3,8,3,284000,0.15,241400,1,1,2,1
96,2,3,2,1,2,2,1,4,1,2,1,2,3,3,9,3,183000,0.2,146400,1,2,2,0
97,2,5,1,1,3,2,1,2,3,1,1,2,2,2,7,2,194000,0.2,155200,2,1,2,1
98,2,4,1,1,2,2,2,1,4,1,1,1,3,3,10,3,215000,0.2,172000,1,3,2,1
99,1,4,1,1,3,2,1,1,1,1,2,2,3,2,8,2,190000,0.2,152000,2,1,3,1
100,1,2,1,2,3,2,3,1,3,1,1,2,2,2,10,3,90000,0.15,76500,2,2,3,0
101,1,5,1,1,3,1,4,1,4,2,1,1,3,1,9,3,205000,0.2,164000,1,2,1,1
102,2,4,1,1,1,1,1,1,3,2,2,2,3,1,11,1,202000,0.1,181800,2,2,2,0
103,2,2,1,2,3,1,1,1,3,1,1,1,3,3,10,3,231000,0.1,207900,1,2,1,1
104,1,4,1,1,3,1,3,1,4,1,1,2,3,1,11,2,174000,0.15,147900,1,2,3,1
105,2,1,1,2,2,2,4,1,1,2,1,2,2,3,6,3,197000,0.2,157600,2,2,1,0
106,1,4,1,2,1,2,3,3,4,2,2,2,3,2,12,3,235000,0.1,211500,2,3,2,0
107,1,4,1,2,2,1,3,2,2,2,2,2,3,1,5,2,203000,0.15,172550,2,3,2,0
108,2,5,1,2,2,2,1,3,4,2,1,2,2,3,7,3,165000,0.15,140250,1,3,2,0
109,2,4,1,2,2,1,1,1,1,2,2,2,3,2,10,3,148000,0.2,118400,1,3,3,0
110,1,3,2,2,3,2,3,1,3,2,1,2,3,2,14,3,213000,0.15,181050,1,2,2,0
111,1,4,2,1,1,2,3,3,2,1,1,2,3,3,10,3,254000,0.2,203200,1,2,1,0
112,2,3,1,2,2,2,3,1,2,1,2,2,3,3,8,2,310000,0.15,263500,2,1,2,0
113,1,2,1,2,3,2,3,1,4,1,1,2,3,2,7,2,170000,0.1,153000,2,1,1,0
114,1,5,2,1,1,1,3,1,3,1,2,2,3,2,10,3,173000,0.1,155700,2,1,3,0
115,2,4,1,1,2,2,1,4,4,2,2,1,2,1,12,2,129000,0.15,109650,1,2,2,0
116,2,1,1,2,2,1,1,1,4,2,2,1,3,2,8,3,175000,0.15,148750,2,2,2,0
117,2,4,1,1,2,1,1,1,4,2,2,2,1,2,9,3,184000,0.15,156400,2,2,3,0
118,1,5,2,2,1,2,2,1,2,1,1,1,3,2,5,2,222000,0.2,177600,2,2,2,0
119,1,5,1,2,2,1,3,2,3,2,2,2,2,1,9,2,136000,0.1,122400,2,3,3,0
120,2,4,1,2,2,2,2,1,3,2,2,1,3,2,11,2,168000,0.15,142800,1,2,2,1
121,2,4,1,2,1,1,1,1,4,2,1,2,3,2,10,3,220000,0.15,187000,2,1,2,0
122,1,4,1,1,2,2,2,3,4,1,1,2,3,2,9,3,176000,0.1,158400,2,2,2,0
123,1,4,2,2,3,1,3,1,3,1,1,2,2,1,7,3,76000,0.15,64600,1,3,3,0
124,2,5,2,1,2,1,2,1,3,1,1,1,3,2,9,3,209000,0.1,188100,1,2,2,1
125,2,4,1,1,3,1,1,1,4,2,2,2,1,2,8,3,181000,0.15,153850,2,2,2,0
126,1,5,1,2,3,1,2,1,3,1,1,2,1,2,13,2,200000,0.1,180000,2,3,2,0
127,2,5,1,2,2,1,1,1,2,2,2,2,3,2,11,3,281000,0.2,224800,2,3,2,0
128,1,5,1,1,3,2,2,1,4,1,2,2,1,1,10,3,116000,0.15,98600,1,2,1,0
129,1,5,2,2,3,1,2,1,3,2,1,1,2,2,8,2,198000,0.2,158400,2,3,2,0
130,2,2,2,2,2,1,1,2,2,2,2,1,3,2,8,3,188000,0.15,159800,2,1,2,0
131,1,1,2,2,2,2,2,4,4,1,1,2,2,1,13,1,170000,0.1,153000,2,2,1,0
132,1,4,1,1,2,1,2,1,4,2,2,2,2,2,12,2,117000,0.15,99450,1,1,2,0
133,2,5,1,2,3,1,2,1,4,1,1,2,3,3,9,2,215000,0.1,193500,2,2,2,0
134,2,5,2,2,2,1,1,3,2,2,2,2,3,1,8,2,183000,0.1,164700,2,2,3,0
135,2,1,1,2,2,2,1,2,4,1,1,2,3,2,6,1,155000,0.15,131750,2,2,2,0
136,2,3,1,2,1,2,1,1,2,2,1,2,3,1,7,3,179000,0.1,161100,1,1,2,0
137,1,2,2,2,3,2,2,3,1,2,1,2,3,2,10,1,204000,0.1,183600,2,3,2,0
138,2,5,1,2,2,1,1,1,1,1,1,2,3,2,12,3,135000,0.2,108000,2,1,2,0
139,2,4,1,1,2,2,1,4,2,2,1,2,3,2,10,3,170000,0.2,136000,1,2,3,0
140,2,4,1,1,3,2,2,1,3,2,1,2,1,1,9,2,127000,0.1,114300,1,3,1,0
141,2,3,1,2,3,1,1,1,4,2,1,2,3,2,10,3,125000,0.2,100000,2,2,3,0
142,2,4,1,2,2,2,1,2,4,1,1,2,3,1,11,3,191000,0.1,171900,2,2,2,0
143,2,1,1,1,2,2,4,1,2,2,2,2,3,2,6,3,225000,0.15,191250,2,2,1,0
144,2,3,1,1,3,2,2,4,2,1,2,1,3,1,6,3,181000,0.1,162900,2,2,1,0
145,1,3,1,2,2,2,2,1,2,1,2,1,1,1,11,3,217000,0.1,195300,2,3,3,0
146,2,5,2,1,3,2,1,1,3,2,1,1,3,2,12,3,196000,0.15,166600,2,1,2,0
147,1,5,2,2,2,1,3,1,3,2,2,1,3,3,9,3,198000,0.1,178200,2,1,3,0
148,2,5,2,2,3,2,1,3,1,2,2,2,3,1,8,3,165000,0.1,148500,2,2,3,0
149,1,5,1,2,2,2,3,1,4,2,1,2,2,2,8,3,125000,0.1,112500,1,2,2,0
150,1,1,1,2,2,1,2,1,3,2,2,2,3,2,8,3,156000,0.1,140400,1,2,3,1
151,1,4,1,2,2,1,4,1,2,2,1,2,3,3,9,3,181000,0.1,162900,2,2,2,0
152,2,2,1,2,2,2,1,1,2,2,1,2,3,2,7,3,194000,0.15,164900,1,3,3,0
153,2,2,1,1,2,2,4,4,1,1,2,2,3,2,9,3,176000,0.15,149600,2,3,1,0
154,1,4,1,2,2,2,3,1,4,2,1,2,2,2,6,3,126000,0.15,107100,1,2,3,0
155,1,5,2,2,2,1,2,1,4,2,1,2,3,1,7,3,186000,0.1,167400,1,3,2,0
156,2,4,1,1,1,1,1,1,4,2,1,1,2,2,8,1,212000,0.1,190800,1,3,1,0
157,1,4,1,2,2,1,2,1,3,2,2,2,2,2,8,3,182000,0.2,145600,1,2,2,1
158,2,1,2,1,2,1,1,1,2,2,2,1,2,4,9,3,247000,0.15,209950,2,3,2,0
159,2,3,1,2,2,1,1,1,3,2,1,2,3,2,9,3,110000,0.2,88000,1,2,3,0
160,1,4,2,2,1,1,3,1,4,1,1,2,3,2,11,3,181000,0.1,162900,1,2,1,0
161,2,2,2,1,3,1,1,1,3,1,2,2,3,2,8,3,190000,0.15,161500,2,3,3,0
162,2,4,1,1,2,2,1,1,2,1,1,2,3,3,7,2,137000,0.15,116450,2,1,3,0
163,2,1,2,2,2,2,1,1,4,1,2,2,2,2,6,3,127000,0.15,107950,1,3,3,0
164,1,4,1,1,2,2,4,1,4,1,1,2,3,2,12,2,195000,0.1,175500,1,1,2,0
165,2,2,1,2,3,1,1,1,2,2,2,1,3,2,9,2,146000,0.15,124100,1,2,2,0
166,2,5,2,2,3,1,4,2,4,2,1,2,3,2,9,2,198000,0.15,168300,2,2,2,0
167,1,3,2,2,2,1,4,1,2,2,1,2,3,2,7,3,221000,0.15,187850,2,2,3,0
168,2,2,2,2,1,2,1,4,2,2,2,1,1,2,7,3,168000,0.15,142800,2,3,1,0
169,2,4,1,1,2,2,1,3,3,1,1,2,3,1,9,3,173000,0.15,147050,2,2,3,0
170,2,4,1,1,2,1,1,1,2,2,1,2,2,1,9,3,145000,0.1,130500,1,1,1,0
171,2,2,1,1,1,1,1,1,4,1,2,2,3,2,9,3,188000,0.1,169200,1,3,3,0
172,2,5,1,2,3,1,1,1,4,2,1,2,3,2,6,3,207000,0.1,186300,2,2,3,0
173,2,3,2,2,1,1,2,1,3,2,1,2,3,1,7,2,173000,0.1,155700,1,1,2,0
174,2,5,1,1,3,1,1,1,1,2,2,1,3,2,10,3,174000,0.15,147900,1,2,3,0
175,1,4,1,2,2,2,2,2,4,1,1,2,2,2,9,3,198000,0.1,178200,2,3,3,1
176,2,4,2,2,1,2,3,1,4,2,1,2,3,2,8,3,187000,0.1,168300,2,3,2,0
177,2,2,1,2,1,1,2,1,4,1,1,2,2,1,9,3,130000,0.15,110500,2,1,1,0
178,1,3,1,2,2,2,3,1,4,2,2,2,3,2,9,3,239000,0.15,203150,2,2,3,0
179,1,5,2,2,3,1,3,2,1,1,2,2,3,2,13,2,182000,0.2,145600,2,1,1,0
180,2,3,1,2,2,2,1,1,3,1,2,1,3,2,7,3,185000,0.15,157250,1,2,2,0
181,1,5,1,2,2,1,3,1,2,2,2,2,1,2,12,3,216000,0.1,194400,1,2,3,0
182,1,4,1,1,1,2,2,1,2,2,2,1,2,2,11,3,219000,0.15,186150,2,2,1,0
183,1,4,1,2,2,2,2,4,2,2,2,2,3,2,5,3,129000,0.15,109650,2,1,2,0
184,1,4,1,1,2,1,4,3,3,1,1,2,3,2,10,3,143000,0.1,128700,1,3,2,0
185,2,5,1,2,2,1,1,1,2,2,2,2,3,2,8,3,167000,0.15,141950,1,2,3,0
186,2,4,2,2,3,1,1,1,2,1,1,1,2,2,12,2,144000,0.1,129600,2,1,1,0
187,2,3,1,2,2,1,1,3,1,1,1,2,3,3,9,3,263000,0.15,223550,2,1,1,0
188,1,4,1,2,2,2,2,1,2,1,2,1,3,3,12,2,170000,0.15,144500,1,2,2,1
189,1,3,1,2,2,2,2,1,3,2,1,2,3,1,9,3,184000,0.15,156400,1,2,3,1
190,2,2,1,2,2,2,4,1,4,2,2,2,3,4,9,2,206000,0.15,175100,2,1,1,0
191,1,5,2,2,1,1,1,1,2,1,1,2,3,3,9,2,188000,0.1,169200,2,2,2,1
192,1,3,1,2,1,1,2,1,4,2,1,2,3,2,7,3,232000,0.2,185600,2,1,1,0
193,1,2,1,1,2,2,1,1,2,2,2,1,3,1,10,2,191000,0.15,162350,2,2,2,1
194,2,5,2,1,2,1,2,1,4,2,2,2,2,3,5,1,196000,0.1,176400,2,3,1,1
195,2,5,1,2,3,2,1,1,3,2,2,2,3,1,11,3,183000,0.2,146400,2,3,2,1
196,1,4,2,2,3,2,1,1,4,2,2,2,2,2,7,1,175000,0.15,148750,2,1,3,1
197,2,4,2,1,1,2,3,3,4,1,2,2,3,1,8,3,136000,0.1,122400,2,2,3,1
198,1,3,2,2,2,1,4,1,1,2,1,1,3,2,7,3,183000,0.1,164700,2,1,1,0
199,1,5,1,2,2,2,2,1,2,2,2,1,3,3,7,3,131000,0.1,117900,2,2,3,1
200,2,1,1,2,2,1,4,1,2,2,2,2,3,1,9,2,175000,0.2,140000,2,2,1,0
201,1,5,1,2,3,2,4,1,3,1,2,1,3,2,9,2,142000,0.1,127800,2,1,3,0
202,1,2,2,2,2,1,1,2,3,1,2,2,3,2,11,3,180000,0.15,153000,2,2,2,1
203,2,4,2,2,2,1,1,3,2,2,2,1,3,2,11,3,211000,0.2,168800,1,2,2,0
204,2,4,1,1,3,1,1,1,4,1,2,1,3,1,9,3,106000,0.15,90100,2,1,3,1
205,2,5,1,2,2,1,1,1,1,2,2,2,3,2,8,3,151000,0.2,120800,1,1,2,0
206,1,4,1,1,2,2,3,1,3,2,1,2,2,2,7,3,176000,0.15,149600,1,2,2,1
207,2,3,2,1,2,1,1,1,4,2,2,1,2,4,11,2,124000,0.1,111600,2,3,3,0
208,2,2,1,1,2,2,1,1,4,2,1,2,2,3,13,1,176000,0.15,149600,2,2,2,0
209,1,2,1,1,2,1,1,1,4,1,1,2,2,2,11,2,203000,0.1,182700,2,3,2,1
210,1,4,1,1,2,1,1,1,4,2,1,1,3,2,9,3,154000,0.2,123200,1,2,1,1
211,2,5,2,2,3,1,4,1,4,2,2,1,2,2,12,3,182000,0.1,163800,1,2,2,1
212,1,1,1,2,2,1,1,1,4,2,1,1,3,2,12,2,237000,0.1,213300,1,1,3,1
213,1,3,1,2,3,2,2,1,4,1,1,1,2,2,10,3,165000,0.2,132000,1,3,1,0
214,1,3,2,2,2,1,1,1,4,1,2,2,3,2,9,3,147000,0.1,132300,2,3,2,1
215,1,5,1,2,1,2,2,1,2,2,1,2,3,4,12,2,174000,0.1,156600,1,2,1,1
216,2,4,1,1,2,1,1,1,4,1,2,2,3,2,9,2,141000,0.2,112800,1,2,2,0
217,1,5,1,1,2,2,1,1,4,2,2,2,1,1,9,2,260000,0.15,221000,2,2,2,1
218,1,3,2,1,2,1,1,3,3,2,2,2,3,2,9,3,129000,0.1,116100,1,2,2,1
219,2,1,1,1,2,2,1,3,4,1,2,2,3,2,9,3,182000,0.1,163800,2,3,3,0
220,2,4,1,2,2,2,1,1,1,2,2,2,3,2,7,3,128000,0.1,115200,1,3,3,0
221,2,3,1,2,2,2,3,1,4,2,1,1,3,1,9,3,304000,0.1,273600,2,2,2,0
222,2,2,1,2,2,2,1,1,3,2,1,1,3,2,11,3,189000,0.1,170100,2,1,1,0
223,1,4,1,1,2,2,1,1,2,2,2,1,2,2,12,2,195000,0.1,175500,2,1,3,1
224,2,4,1,1,2,1,2,1,4,1,2,1,2,2,11,3,136000,0.15,115600,2,3,3,1
225,1,3,1,2,1,1,1,4,4,2,1,1,3,1,5,3,276000,0.1,248400,2,1,2,1
226,2,2,1,1,2,2,1,4,3,2,1,2,2,2,10,3,178000,0.2,142400,2,3,2,0
227,1,4,2,1,2,1,2,1,1,2,1,2,3,1,11,2,180000,0.15,153000,2,2,2,0
228,2,5,2,2,2,2,1,1,4,2,1,2,2,3,12,1,190000,0.15,161500,1,2,2,0
229,2,2,1,2,1,2,4,1,4,2,2,2,3,3,10,3,176000,0.2,140800,2,2,2,1
230,1,5,1,2,2,1,4,1,4,2,2,2,3,2,9,3,150000,0.15,127500,1,2,2,1
231,2,3,1,2,1,1,1,1,4,2,2,2,3,3,10,2,197000,0.15,167450,1,2,2,0
232,1,5,1,1,3,1,1,1,3,2,2,1,3,4,8,3,170000,0.2,136000,2,2,3,1
233,1,3,2,1,1,1,4,1,4,2,1,2,2,2,8,2,191000,0.15,162350,2,3,2,0
234,2,5,1,1,2,1,1,1,4,1,1,2,3,1,9,2,179000,0.15,152150,2,2,3,0
235,2,3,1,2,1,1,1,1,4,2,1,1,3,1,11,3,164000,0.15,139400,1,2,2,0
236,2,4,1,1,1,1,1,2,1,1,2,2,3,2,8,3,75000,0.2,60000,2,2,3,0
237,2,5,1,2,2,1,3,1,4,1,2,2,3,1,8,3,161000,0.15,136850,2,2,2,1
238,1,4,1,1,3,2,1,1,3,2,2,1,3,1,8,3,115000,0.15,97750,2,3,2,1
239,1,2,1,2,1,1,3,1,2,1,1,2,3,1,8,3,156000,0.1,140400,1,2,3,0
240,1,3,2,1,3,2,3,2,4,1,2,2,1,2,9,2,71000,0.2,56800,2,2,2,1
241,2,5,1,1,3,1,2,1,4,2,1,1,3,2,8,3,185000,0.1,166500,2,1,1,1
242,2,1,1,1,2,1,1,1,2,2,2,1,3,2,8,2,177000,0.2,141600,1,2,2,0
243,1,4,1,2,2,2,1,1,1,2,1,1,3,2,12,3,237000,0.1,213300,1,2,2,1
244,1,4,2,2,2,2,3,1,3,2,2,2,1,1,13,3,169000,0.2,135200,2,3,2,0
245,1,3,1,2,2,1,2,1,3,2,2,1,3,2,9,1,194000,0.1,174600,1,2,2,0
246,1,3,2,1,3,2,1,1,2,1,2,2,3,2,11,3,142000,0.1,127800,2,3,2,1
247,2,5,1,1,1,1,4,1,1,1,1,2,2,3,8,3,144000,0.15,122400,2,1,2,1
248,2,4,2,1,3,1,2,1,3,2,1,2,3,1,5,3,216000,0.1,194400,1,3,1,1
249,2,5,1,1,2,2,2,3,4,1,2,2,3,2,6,3,142000,0.1,127800,2,3,2,1
250,1,5,2,1,1,2,3,1,2,2,2,1,3,4,9,3,209000,0.15,177650,2,2,3,1
251,1,1,1,1,3,1,4,1,2,1,2,2,2,1,9,3,194000,0.2,155200,2,2,2,1
252,1,4,1,1,1,2,1,1,4,2,1,2,3,3,9,3,180000,0.15,153000,1,3,3,1
253,1,4,1,2,2,1,2,1,4,2,2,2,1,1,9,2,89000,0.2,71200,2,2,3,1
254,2,4,2,2,2,1,1,1,3,2,1,2,2,1,8,3,167000,0.15,141950,2,3,3,0
255,2,5,1,2,3,2,2,3,4,2,2,1,2,1,9,3,191000,0.15,162350,2,3,1,0
256,2,3,1,1,1,1,1,1,4,2,2,1,3,4,13,2,188000,0.1,169200,1,2,2,0
257,1,4,1,1,3,1,2,1,1,2,1,2,3,3,6,3,123000,0.1,110700,2,2,2,1
258,2,5,1,1,2,1,1,4,3,1,2,1,3,2,6,2,207000,0.1,186300,1,2,3,0
259,1,4,1,1,2,1,2,1,3,1,2,2,2,2,6,3,204000,0.1,183600,2,1,3,1
260,2,3,2,2,1,2,3,1,4,1,2,2,2,3,8,1,217000,0.15,184450,1,3,2,1
261,2,5,2,1,2,2,1,1,4,2,2,1,3,1,7,2,138000,0.15,117300,1,2,2,0
262,1,1,2,2,2,2,1,1,4,1,1,2,1,1,10,1,179000,0.1,161100,2,2,1,1
263,1,5,2,1,2,1,1,1,2,2,2,1,2,2,7,3,182000,0.1,163800,1,2,3,1
264,2,5,1,1,1,1,1,1,3,1,1,2,1,1,11,3,188000,0.2,150400,1,3,2,0
265,1,4,1,2,3,2,2,4,3,2,1,2,3,3,10,3,185000,0.15,157250,1,2,1,0
266,1,4,1,1,3,1,3,1,2,1,1,2,3,3,7,3,237000,0.2,189600,2,2,1,1
267,2,4,1,2,1,1,4,1,1,2,2,2,3,4,10,1,144000,0.15,122400,1,2,1,1
268,1,4,2,2,2,1,3,1,2,2,2,1,3,1,8,2,211000,0.1,189900,2,2,1,0
269,1,4,1,2,2,2,1,1,3,1,2,1,3,2,9,3,137000,0.15,116450,2,1,2,1
270,2,2,1,2,3,2,3,1,2,2,1,1,3,3,9,3,174000,0.1,156600,1,2,2,0
271,1,1,1,1,2,1,1,4,4,1,2,1,3,1,6,2,156000,0.15,132600,2,2,1,1
272,1,1,2,1,2,2,3,2,4,2,1,1,3,1,8,3,280000,0.15,238000,1,1,3,1
273,1,5,2,1,2,1,3,1,1,1,2,2,3,2,9,2,240000,0.2,192000,1,1,2,0
274,2,1,1,1,1,1,2,2,3,2,2,1,2,2,9,3,163000,0.15,138550,1,1,3,1
275,1,4,2,2,2,2,2,1,4,1,2,1,3,2,6,3,184000,0.1,165600,2,2,3,0
276,2,4,2,2,3,2,1,1,4,2,2,2,3,2,8,2,121000,0.1,108900,2,1,1,0
277,2,2,1,2,1,2,1,1,4,2,1,1,3,3,8,3,226000,0.15,192100,2,2,2,0
278,1,4,2,1,1,1,2,1,2,2,2,2,3,1,9,3,190000,0.15,161500,2,2,1,1
279,2,4,2,1,2,2,1,2,3,2,2,2,3,2,9,3,172000,0.15,146200,1,2,3,0
280,1,5,1,1,3,2,2,1,4,2,1,2,2,1,11,3,260000,0.15,221000,1,1,3,1
281,1,3,2,2,2,2,4,1,4,2,2,2,3,3,8,3,237000,0.1,213300,2,2,2,1
282,2,4,1,2,1,2,1,1,3,1,2,1,3,1,9,3,166000,0.15,141100,1,2,3,0
283,2,5,1,1,2,1,4,1,1,2,2,1,2,2,9,3,202000,0.15,171700,2,2,2,0
284,2,4,1,2,1,2,1,1,3,2,2,1,3,2,7,2,176000,0.1,158400,1,3,1,0
285,2,4,2,2,2,1,2,3,4,1,2,2,3,1,9,3,182000,0.15,154700,2,1,2,1
286,2,2,2,2,2,1,1,1,3,2,1,2,2,2,8,3,207000,0.1,186300,1,3,1,0
287,1,4,1,1,2,1,1,2,1,2,1,1,3,4,8,2,189000,0.15,160650,1,2,3,1
288,1,5,2,2,2,1,2,1,4,2,2,2,2,2,10,2,151000,0.2,120800,2,2,2,1
289,1,4,1,2,3,2,1,2,4,2,1,2,3,2,8,1,240000,0.15,204000,2,2,3,1
290,2,5,2,1,3,2,2,1,2,2,2,1,3,1,6,1,203000,0.1,182700,1,3,3,1
291,2,3,1,1,2,2,1,1,3,2,2,2,3,1,9,3,197000,0.15,167450,1,2,2,0
292,1,2,1,2,3,1,3,1,3,2,2,2,2,2,2,2,143000,0.15,121550,2,2,2,0
293,1,3,1,1,3,1,2,1,4,2,2,1,2,2,8,2,185000,0.1,166500,1,2,2,1
294,2,5,2,1,2,2,1,3,4,2,1,1,3,2,9,3,174000,0.15,147900,2,1,3,0
295,2,4,1,1,3,1,2,1,4,2,1,1,3,2,10,1,129000,0.2,103200,1,3,3,1
296,1,3,2,2,2,2,2,1,4,1,1,2,3,1,8,3,196000,0.1,176400,1,3,3,1
297,1,2,1,1,1,2,1,2,4,2,1,2,2,2,8,2,107000,0.15,90950,1,3,1,1
298,2,4,1,1,3,2,1,1,2,2,2,2,3,2,9,3,178000,0.1,160200,1,2,2,1
299,1,2,2,2,2,1,4,1,4,1,2,2,3,2,7,3,180000,0.1,162000,2,2,1,1
300,1,4,1,1,2,1,1,1,4,1,2,2,3,2,9,3,219000,0.2,175200,2,3,2,1
301,1,2,2,2,1,2,1,2,4,2,1,1,3,2,9,3,193000,0.15,164050,2,2,1,1
302,1,2,2,2,1,2,1,1,4,2,2,2,3,1,11,3,162000,0.1,145800,1,1,3,1
303,2,4,2,2,2,2,1,1,4,1,1,2,3,1,8,2,197000,0.2,157600,1,1,1,0
304,1,5,1,1,2,2,3,1,2,1,2,2,3,2,11,3,175000,0.15,148750,2,2,2,1
305,2,4,1,1,3,1,4,1,3,2,1,2,3,2,9,3,170000,0.15,144500,2,2,2,0
306,2,5,1,2,1,1,1,1,3,1,2,2,3,2,7,3,228000,0.15,193800,1,1,3,1
307,1,4,1,2,3,2,3,1,4,1,2,2,3,3,8,3,157000,0.15,133450,2,2,2,0
308,2,3,1,2,3,2,1,1,4,2,1,1,3,1,10,2,145000,0.1,130500,2,1,2,1
309,2,1,2,2,3,1,2,1,3,2,2,2,3,2,8,3,153000,0.1,137700,2,2,1,1
310,1,2,1,1,2,1,1,1,4,1,1,1,3,1,10,3,180000,0.1,162000,1,2,1,1
311,2,4,1,1,2,1,1,1,3,2,2,2,3,4,9,2,166000,0.1,149400,2,3,2,0
312,2,3,1,2,2,2,1,1,4,2,2,1,1,2,10,3,153000,0.2,122400,2,3,2,0
313,2,5,1,1,3,1,1,1,4,1,2,2,2,2,7,2,138000,0.1,124200,1,3,1,1
314,1,1,2,2,3,1,1,1,4,2,2,1,3,2,8,3,189000,0.15,160650,1,2,1,1
315,2,3,1,1,2,1,3,2,2,1,2,2,1,1,7,3,130000,0.15,110500,2,2,3,0
316,2,2,2,1,3,1,1,1,3,1,1,1,3,4,6,3,178000,0.2,142400,1,1,3,1
317,1,3,1,1,1,2,1,1,3,2,2,1,3,2,8,2,202000,0.1,181800,2,2,3,1
318,1,5,1,2,2,2,2,1,2,1,2,2,1,2,9,1,100000,0.2,80000,1,2,1,1
319,1,4,1,2,3,2,1,3,2,2,2,1,3,2,12,2,215000,0.1,193500,1,3,3,1
320,1,4,1,1,3,2,1,1,3,1,2,1,1,3,7,3,261000,0.2,208800,2,2,3,1
321,2,3,1,2,3,1,4,1,1,2,1,2,3,1,7,3,156000,0.15,132600,1,2,1,1
322,1,5,2,2,1,1,2,1,4,2,1,2,3,2,9,3,144000,0.1,129600,2,2,2,0
323,2,5,2,2,2,2,1,2,4,2,1,1,3,1,9,3,211000,0.1,189900,2,3,3,0
324,2,5,1,2,1,2,4,1,4,2,1,2,3,2,8,3,165000,0.1,148500,2,3,2,1
325,1,3,2,1,2,1,3,3,4,1,1,1,3,2,10,2,168000,0.15,142800,2,1,2,0
326,2,4,1,2,1,2,1,1,1,1,1,2,3,2,10,3,155000,0.15,131750,1,2,3,0
327,1,3,2,1,3,1,2,1,4,2,2,1,2,2,12,3,80000,0.15,68000,2,3,3,0
328,1,4,1,1,1,1,1,1,1,1,2,1,3,2,9,2,167000,0.15,141950,1,2,2,1
329,1,2,1,2,3,2,2,1,3,2,2,2,3,2,7,1,160000,0.15,136000,2,2,3,0
330,2,5,1,2,2,2,2,3,4,1,2,1,3,1,7,2,142000,0.15,120700,2,2,3,1
331,1,4,1,2,2,2,3,1,3,2,2,1,3,2,12,2,189000,0.1,170100,1,3,2,0
332,1,3,1,2,3,1,2,1,3,2,2,2,2,2,7,3,147000,0.15,124950,1,2,3,0
333,2,4,2,1,2,1,1,3,2,2,1,2,3,1,9,3,112000,0.15,95200,2,2,3,0
334,1,4,1,1,2,2,1,1,2,2,2,2,2,2,10,2,238000,0.1,214200,1,3,1,1
335,2,5,2,2,2,1,2,1,1,2,2,1,3,2,9,3,138000,0.1,124200,2,2,2,1
336,1,4,1,1,1,2,1,1,4,2,2,2,3,4,9,3,192000,0.15,163200,2,3,3,1
337,1,5,1,2,1,2,1,4,2,1,2,2,3,3,9,3,198000,0.1,178200,1,2,2,1
338,2,4,1,2,2,1,3,1,1,2,1,2,3,4,11,1,230000,0.15,195500,2,3,3,1
339,2,4,2,1,2,2,1,1,4,1,1,2,3,2,5,3,304000,0.15,258400,2,1,3,0
340,1,4,1,1,2,1,4,4,4,1,1,2,2,2,9,2,168000,0.15,142800,2,1,3,0
341,1,4,2,2,3,1,1,3,2,2,2,2,3,2,7,3,191000,0.15,162350,1,1,1,1
342,1,3,2,1,3,2,3,1,4,1,1,2,3,2,12,3,187000,0.1,168300,2,2,3,0
343,2,4,1,1,2,1,1,1,2,1,2,2,2,2,11,3,157000,0.1,141300,2,2,3,0
344,1,4,2,2,1,1,2,1,4,1,1,2,3,2,8,3,230000,0.1,207000,2,2,2,0
345,1,4,1,2,1,1,1,1,4,1,2,2,2,2,7,3,190000,0.2,152000,2,3,2,1
346,2,3,1,2,3,2,4,1,4,1,2,2,3,2,8,3,241000,0.1,216900,1,2,2,1
347,1,4,1,2,2,1,1,1,4,2,2,2,3,1,10,2,177000,0.15,150450,1,2,2,1
348,1,4,1,1,3,2,3,1,4,2,1,1,2,1,7,3,140000,0.15,119000,1,1,3,1
349,1,4,1,2,2,1,2,1,4,2,1,2,3,1,7,3,148000,0.2,118400,2,1,3,1
350,2,3,1,1,2,1,1,1,4,2,2,1,3,4,7,3,155000,0.2,124000,2,2,2,0
351,2,3,2,2,1,2,1,1,3,2,1,2,3,2,8,3,184000,0.15,156400,1,1,3,0
352,1,5,1,1,1,1,3,1,3,2,1,2,3,3,10,2,115000,0.2,92000,1,2,3,0
353,2,4,2,2,2,1,2,4,2,2,2,2,3,3,11,2,188000,0.15,159800,2,2,3,1
354,1,5,1,1,3,1,3,1,3,2,2,2,3,2,8,1,259000,0.1,233100,1,2,2,1
355,1,4,1,1,1,2,3,1,3,2,1,2,3,4,10,3,139000,0.2,111200,2,2,3,0
356,2,4,1,1,2,1,2,2,4,2,2,2,3,3,11,3,246000,0.1,221400,2,2,2,1
357,1,4,1,2,2,2,4,2,2,2,2,1,3,1,6,2,241000,0.1,216900,1,1,3,1
358,1,5,1,2,2,2,4,4,1,2,2,2,3,3,4,3,185000,0.15,157250,1,2,1,0
359,2,2,1,1,2,2,3,1,3,2,1,2,3,2,5,3,141000,0.1,126900,2,2,3,1
360,1,5,2,2,1,2,1,4,4,2,1,1,2,1,8,3,148000,0.1,133200,2,1,1,1
361,1,1,2,1,2,2,3,2,3,2,2,1,3,1,8,3,165000,0.1,148500,2,2,1,0
362,2,5,1,1,2,1,4,1,2,2,2,2,2,2,11,2,233000,0.2,186400,2,3,3,0
363,1,2,2,2,3,2,2,1,4,2,1,2,2,1,8,2,199000,0.1,179100,1,2,1,0
364,1,3,1,1,3,2,4,1,4,1,2,2,2,2,8,3,178000,0.1,160200,2,2,2,1
365,2,3,1,2,2,1,3,1,1,2,2,2,3,1,8,3,178000,0.1,160200,2,3,1,1
366,1,4,1,2,2,2,3,1,3,2,1,2,3,1,13,3,199000,0.1,179100,1,3,3,0
367,2,5,2,1,1,2,1,1,4,2,1,1,2,3,11,2,147000,0.1,132300,1,3,2,0
368,1,2,1,1,3,2,1,1,3,2,1,2,3,2,9,1,181000,0.2,144800,2,2,3,1
369,1,4,2,1,1,1,1,2,1,2,2,1,1,4,10,2,189000,0.2,151200,2,1,2,1
370,2,5,1,1,2,1,3,1,4,2,2,2,3,3,6,3,143000,0.15,121550,2,2,2,0
371,2,5,2,2,2,1,4,1,1,1,2,1,3,2,10,3,200000,0.2,160000,2,3,2,0
372,1,4,1,1,3,1,1,3,3,2,1,2,2,2,8,2,77000,0.1,69300,2,1,3,1
373,2,2,2,2,2,1,1,1,4,2,2,1,2,2,9,2,183000,0.15,155550,2,3,3,0
374,1,4,1,1,2,1,4,1,2,1,2,1,2,1,13,3,83000,0.1,74700,1,3,1,1
375,1,2,1,2,1,1,2,1,3,2,1,2,2,1,10,2,232000,0.1,208800,2,2,2,0
376,1,3,1,1,3,2,2,1,4,2,1,2,3,3,7,1,171000,0.2,136800,1,2,3,1
377,2,4,1,1,2,2,1,1,3,1,2,1,2,2,13,3,157000,0.1,141300,1,3,1,1
378,1,4,1,1,2,1,1,1,3,2,2,2,3,1,7,2,123000,0.15,104550,1,1,2,1
379,2,3,2,1,2,1,2,4,1,2,1,2,3,2,10,1,208000,0.15,176800,1,3,3,0
380,2,4,1,2,2,2,1,1,4,2,2,1,3,2,11,2,67000,0.2,53600,2,3,3,0
381,2,4,1,2,1,2,1,1,4,2,2,2,2,2,10,2,151000,0.15,128350,2,2,1,0
382,1,4,1,2,2,2,3,1,2,2,1,2,3,2,8,1,154000,0.15,130900,2,2,3,0
383,1,2,1,1,1,1,2,1,3,1,1,1,2,1,8,2,182000,0.1,163800,2,2,1,0
384,2,3,2,2,2,1,2,4,2,2,2,2,3,1,5,2,82000,0.2,65600,1,3,3,0
385,2,5,2,2,3,1,1,3,2,1,1,1,3,2,7,2,172000,0.15,146200,2,2,2,0
386,1,2,1,1,3,1,1,2,2,1,1,2,2,2,7,3,164000,0.15,139400,1,3,2,1
387,1,4,1,2,2,2,4,1,3,2,1,2,2,2,8,3,226000,0.1,203400,2,2,2,0
388,1,4,1,2,2,2,4,2,2,2,2,2,3,4,9,3,163000,0.1,146700,1,1,3,0
389,1,2,1,2,3,1,1,3,4,1,1,1,1,1,9,3,164000,0.15,139400,2,3,1,1
390,2,4,1,2,2,1,1,1,3,2,1,2,1,2,6,2,177000,0.1,159300,1,2,2,0
391,1,3,1,2,3,2,3,1,3,2,1,2,2,2,10,3,190000,0.1,171000,2,2,2,0
392,2,5,1,2,3,2,1,1,2,1,1,2,3,2,9,3,185000,0.15,157250,1,2,2,0
393,1,3,1,1,2,2,2,1,2,1,1,2,1,2,7,3,182000,0.1,163800,2,3,2,0
394,2,1,1,2,3,1,1,2,1,2,1,2,1,4,10,3,203000,0.15,172550,2,1,1,1
395,1,5,1,2,2,1,1,1,3,2,2,2,3,1,10,2,202000,0.1,181800,1,2,3,1
396,1,5,1,2,2,1,4,1,2,2,1,2,2,1,10,2,174000,0.1,156600,2,3,3,1
397,1,1,2,1,2,2,3,1,3,2,1,1,3,3,9,2,179000,0.2,143200,2,1,2,0
398,1,2,2,2,2,2,1,1,4,2,1,1,3,2,7,2,183000,0.1,164700,2,1,2,1
399,2,2,1,1,2,2,4,4,2,2,1,2,3,2,8,2,192000,0.1,172800,1,1,2,0
400,1,4,1,2,1,1,1,1,4,2,2,2,3,3,8,3,189000,0.2,151200,2,2,1,1
401,1,4,1,2,3,1,2,1,4,1,1,2,3,1,8,2,181000,0.1,162900,1,1,2,0
402,1,4,2,2,2,1,1,3,3,2,2,2,3,2,5,3,131000,0.1,117900,1,2,3,1
403,2,2,2,2,2,1,1,1,2,1,1,2,1,3,8,3,179000,0.15,152150,1,2,3,0
404,1,4,1,1,2,1,2,1,3,2,2,1,3,1,8,3,293000,0.15,249050,1,2,2,1
405,1,4,1,1,2,1,2,3,3,2,2,1,2,2,9,3,103000,0.1,92700,1,3,3,1
406,1,1,1,2,2,2,1,1,4,1,1,1,3,3,11,1,123000,0.1,110700,2,1,1,1
407,2,5,1,1,1,2,1,1,1,1,2,1,3,1,11,3,191000,0.1,171900,2,1,2,0
408,2,2,1,2,2,1,1,1,2,2,2,1,2,2,12,1,183000,0.1,164700,1,3,2,0
409,1,5,1,2,3,1,4,1,4,2,1,1,3,1,11,3,196000,0.1,176400,2,3,1,0
410,2,4,1,2,1,1,1,1,3,2,2,1,3,2,14,3,201000,0.1,180900,2,3,3,0
411,1,5,1,2,1,2,1,1,1,1,2,1,3,2,12,2,223000,0.15,189550,1,3,2,1
412,1,2,1,1,2,2,3,1,3,2,2,2,3,2,9,3,205000,0.15,174250,1,2,2,0
413,2,4,1,2,2,2,4,1,4,1,1,1,3,1,9,3,179000,0.15,152150,1,3,2,0
414,1,5,1,2,2,1,1,1,4,1,2,1,3,3,11,3,158000,0.1,142200,2,3,1,1
415,1,3,2,2,3,2,2,1,3,2,1,2,2,2,8,2,147000,0.2,117600,2,2,2,0
416,1,4,1,2,2,1,1,1,4,2,1,2,2,3,7,3,197000,0.1,177300,2,1,3,1
417,2,5,2,1,2,1,1,1,3,1,2,2,3,3,14,1,192000,0.1,172800,2,2,2,0
418,2,3,1,1,1,1,4,1,1,2,1,2,3,1,8,3,216000,0.1,194400,1,2,1,0
419,1,2,2,1,1,2,2,1,3,1,1,2,3,1,10,3,198000,0.1,178200,1,3,3,0
420,1,5,1,1,3,1,3,1,2,2,1,2,2,2,7,3,170000,0.1,153000,1,1,3,0
421,2,5,2,2,1,2,1,1,2,2,2,1,3,4,10,2,157000,0.15,133450,2,2,3,0
422,1,5,1,2,1,1,3,1,4,2,2,1,2,2,13,1,148000,0.2,118400,2,2,3,0
423,1,4,1,2,1,2,2,1,2,2,2,2,3,2,6,1,215000,0.15,182750,2,2,2,0
424,1,3,1,2,3,2,1,1,2,1,1,1,3,2,8,3,227000,0.15,192950,1,3,1,1
425,1,4,1,1,2,2,3,1,4,2,2,1,1,4,11,1,172000,0.1,154800,1,2,2,0
426,1,1,1,1,3,2,4,1,4,1,2,2,2,1,6,3,220000,0.1,198000,1,1,2,1
427,1,4,1,2,3,1,3,1,4,1,2,1,2,1,9,3,208000,0.1,187200,2,2,3,0
428,1,4,1,1,3,1,1,1,2,2,2,1,3,1,11,2,172000,0.15,146200,2,3,2,1
429,1,3,1,1,2,2,3,1,2,2,2,2,3,2,10,2,158000,0.1,142200,2,2,1,0
430,2,3,2,2,3,1,1,1,3,2,1,2,3,2,6,3,181000,0.15,153850,1,1,1,1
431,2,1,2,2,3,1,1,1,2,2,1,2,2,1,4,3,163000,0.15,138550,1,1,3,1
432,1,4,2,1,1,2,1,1,1,2,1,2,3,2,9,2,177000,0.2,141600,2,2,1,1
433,1,3,1,1,2,2,1,1,4,2,2,2,3,2,6,3,153000,0.15,130050,1,2,2,1
434,2,3,2,2,2,2,1,2,2,1,1,2,3,4,10,3,69000,0.1,62100,2,2,2,1
435,1,3,1,1,2,1,1,1,3,2,2,2,3,2,11,3,166000,0.2,132800,2,2,3,1
436,1,3,1,1,2,1,3,1,4,1,1,2,2,2,8,1,163000,0.15,138550,2,3,2,0
437,1,2,1,2,2,1,1,4,4,2,1,2,2,2,7,3,176000,0.1,158400,2,2,2,1
438,2,3,1,2,2,2,2,1,4,1,2,2,3,2,11,3,117000,0.2,93600,2,2,1,1
439,1,3,1,1,1,1,3,1,4,2,1,2,1,3,8,3,159000,0.15,135150,1,2,3,0
440,1,5,1,1,2,1,3,1,2,1,1,2,3,4,9,2,150000,0.2,120000,2,2,2,0
441,2,4,1,2,1,2,1,1,3,2,1,2,3,1,6,3,169000,0.15,143650,2,2,1,0
442,1,3,2,2,2,1,1,2,3,2,2,1,3,2,9,1,276000,0.1,248400,1,2,2,1
443,2,4,1,1,1,1,1,2,2,2,2,2,3,1,9,3,122000,0.1,109800,1,1,1,0
444,1,3,1,2,2,2,2,1,1,2,2,2,2,2,8,3,180000,0.1,162000,2,3,3,0
445,1,4,1,2,3,2,2,1,4,2,1,1,3,1,8,3,259000,0.2,207200,1,3,1,0
446,1,2,1,2,2,1,2,1,2,2,2,1,3,2,6,3,233000,0.2,186400,2,3,2,1
447,2,2,2,2,3,1,1,1,4,2,2,1,3,3,8,3,183000,0.2,146400,1,3,1,0
448,2,2,2,2,2,1,4,1,4,1,2,1,3,1,6,2,233000,0.15,198050,2,3,3,1
449,1,5,1,1,3,2,4,2,4,2,1,1,3,1,9,2,173000,0.1,155700,2,1,2,0
450,1,4,1,1,3,2,1,3,3,2,1,1,3,2,6,3,205000,0.1,184500,1,2,3,1
451,2,5,1,2,2,2,2,2,3,1,2,1,3,2,10,2,157000,0.1,141300,1,2,2,1
452,1,5,2,2,3,1,4,3,4,1,2,2,2,2,6,3,151000,0.1,135900,1,3,2,1
453,1,3,1,1,1,1,2,1,1,2,1,1,2,2,10,3,84000,0.15,71400,2,3,3,0
454,2,1,1,2,2,1,2,1,3,1,2,1,3,2,9,2,186000,0.15,158100,2,2,2,1
455,1,3,1,1,2,1,2,1,4,2,2,1,3,1,9,1,187000,0.1,168300,2,1,3,0
456,1,4,1,2,2,1,4,3,3,1,1,2,3,2,9,3,248000,0.1,223200,1,2,1,1
457,1,3,1,1,2,1,3,1,4,2,2,2,3,4,12,1,63000,0.15,53550,1,2,2,0
458,2,1,1,1,3,1,1,1,4,2,2,2,3,1,10,2,184000,0.15,156400,2,2,1,0
459,2,3,1,2,1,1,1,1,2,1,2,2,3,2,11,3,132000,0.15,112200,2,3,1,0
460,1,3,1,2,1,1,3,3,3,2,1,1,3,2,10,3,212000,0.1,190800,2,1,3,0
461,1,4,1,1,2,1,1,1,2,1,2,2,3,1,6,2,211000,0.15,179350,1,1,3,1
462,1,5,1,1,2,2,1,1,2,2,1,2,2,2,5,3,222000,0.15,188700,1,2,2,1
463,1,3,1,1,3,1,1,4,2,2,2,1,3,2,9,3,107000,0.15,90950,1,1,2,1
464,1,1,1,2,1,2,4,1,3,2,1,1,3,1,8,2,228000,0.1,205200,2,2,3,0
465,1,5,1,2,3,1,1,1,2,1,1,1,2,2,7,3,207000,0.1,186300,1,2,2,1
466,1,4,1,1,3,2,2,2,4,2,2,2,3,2,9,2,78000,0.2,62400,2,1,1,1
467,1,5,1,2,2,1,3,1,2,2,2,2,3,2,8,2,182000,0.1,163800,2,3,3,1
468,1,4,2,2,2,2,2,4,2,2,2,1,3,3,11,3,234000,0.1,210600,1,2,2,1
469,2,3,1,2,2,1,1,1,4,1,2,1,3,1,7,3,227000,0.15,192950,1,2,3,1
470,2,2,1,1,2,1,3,1,2,2,2,2,3,2,7,3,197000,0.2,157600,1,2,1,0
471,1,5,1,2,2,2,4,1,4,2,1,2,3,1,6,2,161000,0.1,144900,2,1,3,1
472,1,2,2,2,3,1,1,4,2,2,1,2,1,2,12,3,71000,0.15,60350,2,3,3,1
473,1,5,1,2,2,2,1,4,4,1,1,2,3,1,7,2,182000,0.15,154700,2,3,2,1
474,2,3,1,2,2,1,1,1,4,2,1,2,1,2,7,3,201000,0.15,170850,2,2,3,0
475,2,4,1,2,2,2,1,3,1,2,1,2,3,2,9,3,217000,0.1,195300,1,3,2,0
476,1,3,2,1,1,2,1,4,1,2,1,2,3,1,4,3,176000,0.2,140800,2,3,3,1
477,2,4,1,2,3,2,3,3,2,2,2,2,3,2,8,3,132000,0.1,118800,1,3,2,0
478,1,3,2,2,2,2,1,1,1,1,1,2,2,2,9,2,155000,0.1,139500,1,3,3,1
479,1,4,1,1,2,1,1,1,3,2,2,2,3,2,6,2,226000,0.15,192100,1,3,2,1
480,2,4,2,2,2,2,1,1,3,2,1,2,3,2,9,2,135000,0.1,121500,1,3,3,0
481,1,1,1,1,3,2,3,2,2,2,1,2,2,4,9,3,191000,0.1,171900,2,1,3,0
482,2,2,1,2,2,1,1,1,4,2,2,2,3,2,5,2,182000,0.1,163800,2,2,2,0
483,1,4,2,2,1,1,1,3,1,1,1,1,3,1,11,2,210000,0.15,178500,2,3,2,1
484,1,5,1,1,2,1,4,4,4,1,2,1,3,2,8,3,183000,0.1,164700,2,2,2,1
485,2,5,1,1,2,2,1,1,4,2,2,1,3,3,10,3,136000,0.15,115600,2,2,3,0
486,1,4,1,1,1,2,3,1,2,2,2,2,2,2,8,2,169000,0.1,152100,2,2,3,0
487,2,3,1,2,1,1,1,4,1,2,1,1,3,1,8,2,178000,0.1,160200,1,1,3,0
488,2,5,2,2,2,2,2,1,4,1,2,2,2,1,5,3,271000,0.15,230350,1,2,3,1
489,1,3,1,1,2,2,3,1,2,1,2,2,3,2,9,3,182000,0.2,145600,2,2,3,1
490,1,5,1,1,3,2,1,1,2,1,2,2,3,3,10,2,196000,0.15,166600,1,3,1,1
491,2,4,1,2,3,2,2,1,3,1,2,1,3,2,10,2,166000,0.1,149400,1,2,3,1
492,2,4,1,2,2,2,1,1,2,2,1,1,3,3,10,3,202000,0.15,171700,2,1,1,0
493,2,1,1,2,3,2,1,1,2,1,1,1,2,1,6,2,190000,0.1,171000,1,3,3,1
494,2,3,1,2,1,2,1,1,4,2,2,1,1,1,6,3,153000,0.1,137700,1,2,2,0
495,1,2,2,1,2,2,4,1,1,2,2,1,3,2,10,2,114000,0.1,102600,2,3,1,0
496,1,4,1,1,2,2,4,1,4,1,2,2,3,1,5,2,203000,0.2,162400,2,3,1,0
497,1,4,1,2,2,2,1,1,1,2,2,2,3,3,9,3,160000,0.15,136000,2,1,3,1
498,2,4,2,1,2,1,4,1,1,1,1,2,2,2,9,3,206000,0.2,164800,1,1,2,1
499,1,3,2,1,2,2,2,1,3,2,2,2,3,2,5,3,211000,0.1,189900,2,2,3,0
500,1,4,1,2,2,1,2,1,3,2,1,2,2,3,6,2,251000,0.2,200800,2,2,3,0
501,2,2,1,1,2,2,3,2,4,1,1,2,2,2,11,3,174000,0.1,156600,2,2,3,0
502,1,1,1,2,2,1,3,1,4,2,2,2,3,2,10,2,193000,0.15,164050,2,2,2,0
503,2,3,1,2,2,2,2,1,3,2,2,1,3,3,7,3,187000,0.2,149600,2,3,2,0
504,2,5,1,2,2,2,1,1,3,2,2,2,2,3,7,3,164000,0.1,147600,2,2,2,0
505,1,5,2,2,2,2,1,1,4,2,2,1,3,1,10,2,283000,0.1,254700,2,3,2,1
506,2,1,1,1,2,1,1,1,4,1,2,1,2,2,11,3,256000,0.15,217600,1,2,2,0
507,2,3,2,1,3,1,1,2,4,1,1,1,3,2,9,3,140000,0.1,126000,1,1,1,0
508,1,3,1,1,2,2,2,2,4,2,2,2,3,2,8,3,185000,0.15,157250,1,2,2,1
509,1,2,1,2,3,1,1,1,1,2,2,2,3,2,10,3,228000,0.2,182400,1,2,3,1
510,2,4,2,1,2,1,1,1,3,1,2,1,2,1,10,3,159000,0.1,143100,2,2,2,0
511,2,2,2,1,2,2,1,1,3,1,1,1,3,3,9,3,187000,0.15,158950,2,1,2,0
512,2,2,1,2,3,2,1,1,4,2,2,2,2,2,11,2,100000,0.2,80000,2,1,2,1
513,2,5,1,2,3,1,1,2,4,2,2,2,3,3,7,2,162000,0.1,145800,1,2,1,1
514,1,3,1,1,2,1,1,2,3,2,2,1,3,4,9,3,203000,0.15,172550,2,3,2,1
515,1,2,2,2,1,2,1,3,2,2,1,2,3,2,8,3,135000,0.1,121500,1,2,2,1
516,2,4,2,2,2,2,1,1,2,1,2,2,2,1,11,3,180000,0.15,153000,2,3,1,0
517,1,3,1,2,3,1,1,1,4,2,1,2,3,3,10,3,140000,0.15,119000,1,2,2,1
518,1,3,2,2,1,1,3,1,3,1,2,2,3,2,9,3,191000,0.1,171900,2,2,2,0
519,1,1,1,1,3,2,1,2,4,2,1,1,2,2,10,3,160000,0.15,136000,1,3,2,1
520,1,2,1,1,2,2,1,3,2,2,1,2,3,1,10,3,211000,0.15,179350,2,3,3,1
521,2,3,2,1,3,2,1,1,2,1,2,2,2,1,11,3,81000,0.1,72900,2,2,1,1
522,2,4,1,1,2,2,4,3,3,2,2,1,3,2,11,3,129000,0.2,103200,2,2,3,0
523,1,4,2,1,2,1,2,3,4,2,1,2,3,4,6,3,188000,0.15,159800,2,3,2,0
524,2,1,1,1,1,1,1,1,2,2,1,2,3,2,8,2,218000,0.1,196200,2,2,2,0
525,2,5,1,1,2,2,1,1,1,2,2,1,3,2,6,3,161000,0.1,144900,2,3,2,0
526,1,1,1,2,3,1,4,1,1,2,1,1,3,1,8,1,151000,0.1,135900,1,1,3,0
527,2,4,2,1,2,2,1,1,2,1,1,1,3,3,14,2,176000,0.15,149600,2,1,2,0
528,2,1,1,2,3,1,1,1,2,2,1,2,3,2,11,3,128000,0.2,102400,2,2,2,1
529,1,5,1,1,3,2,2,3,2,1,2,2,3,2,10,3,266000,0.1,239400,2,3,3,1
530,1,1,2,1,2,1,3,3,2,2,1,1,2,1,7,3,148000,0.1,133200,2,2,3,0
531,2,5,1,1,2,1,1,1,3,2,1,1,3,3,7,3,187000,0.1,168300,1,2,1,0
532,2,5,1,2,2,1,1,1,4,2,1,2,3,2,9,3,230000,0.15,195500,2,1,3,0
533,2,4,1,1,2,2,1,1,1,1,2,2,1,2,12,2,181000,0.1,162900,1,3,1,0
534,1,4,1,2,2,2,3,1,4,2,2,1,2,2,6,3,244000,0.1,219600,1,2,2,0
535,1,4,1,2,3,2,3,1,2,2,2,1,3,2,10,3,108000,0.1,97200,2,2,3,0
536,1,3,2,1,2,2,3,2,3,1,2,2,2,3,9,3,161000,0.15,136850,2,3,3,0
537,1,4,1,2,2,2,4,1,4,2,1,1,3,1,8,1,233000,0.1,209700,2,1,1,0
538,1,4,2,2,3,2,2,1,4,1,1,1,3,2,11,1,217000,0.1,195300,1,3,2,0
539,2,3,1,2,2,2,2,1,4,2,2,2,3,3,11,2,149000,0.15,126650,1,1,3,0
540,1,3,1,1,2,1,4,1,3,2,2,1,3,1,10,1,156000,0.15,132600,2,3,2,0
541,1,4,1,2,1,1,2,1,3,2,2,2,2,1,8,3,225000,0.15,191250,1,3,3,0
542,2,2,1,1,3,2,3,2,4,1,1,2,3,2,8,2,195000,0.15,165750,2,3,2,1
543,2,4,1,1,3,2,1,1,3,2,2,2,3,4,7,2,136000,0.1,122400,1,3,3,1
544,1,4,1,2,1,2,2,1,4,1,2,2,3,1,8,2,174000,0.1,156600,2,2,3,0
545,1,4,2,1,2,1,2,1,1,2,1,2,3,2,8,3,192000,0.1,172800,1,2,2,1
546,2,2,1,1,2,2,1,1,3,2,1,1,3,1,13,3,197000,0.2,157600,1,2,2,0
547,1,4,1,1,3,1,3,1,4,2,2,2,3,1,9,2,217000,0.15,184450,1,2,1,0
548,1,4,1,1,2,2,3,1,2,1,2,2,3,1,13,3,138000,0.15,117300,1,2,2,0
549,1,2,1,2,2,1,2,1,1,2,2,2,3,2,10,3,196000,0.2,156800,1,2,1,0
550,2,3,2,2,1,1,1,1,1,2,2,2,2,2,14,3,212000,0.15,180200,1,1,3,0
551,1,4,1,2,1,1,2,2,2,2,1,2,2,3,8,3,209000,0.1,188100,1,2,1,0
552,2,1,1,2,2,1,3,1,2,2,2,2,2,2,6,2,170000,0.1,153000,2,3,1,0
553,2,2,2,2,2,2,1,1,2,1,1,1,2,2,6,2,231000,0.1,207900,2,3,3,0
554,2,3,1,2,2,2,1,4,4,2,1,2,3,2,11,3,161000,0.2,128800,1,3,2,0
555,1,2,2,2,2,1,2,1,2,2,1,1,1,2,10,3,130000,0.2,104000,1,1,3,0
556,1,5,1,2,3,2,4,4,4,2,1,1,3,2,11,3,210000,0.2,168000,1,3,1,0
557,2,3,1,1,2,2,1,2,3,1,2,1,3,2,11,3,219000,0.15,186150,1,3,1,0
558,2,3,1,2,2,2,1,1,4,1,1,2,3,1,6,3,140000,0.15,119000,1,2,1,0
559,2,2,2,2,2,1,1,1,4,1,1,2,3,2,10,1,208000,0.1,187200,1,2,1,0
560,1,3,2,2,2,2,2,1,2,1,2,2,3,2,10,3,211000,0.15,179350,2,2,1,1
561,2,5,2,2,2,2,2,4,1,1,1,2,3,1,12,3,263000,0.2,210400,2,2,2,0
562,1,4,2,2,1,2,2,2,4,1,1,2,2,2,7,3,130000,0.1,117000,1,3,1,0
563,2,3,1,2,3,2,2,1,2,2,1,2,3,2,7,2,182000,0.1,163800,2,2,2,1
564,1,1,1,2,1,1,2,4,2,1,2,1,3,2,12,3,153000,0.2,122400,1,3,3,0
565,2,3,2,2,3,1,1,2,3,2,2,1,3,1,11,3,182000,0.1,163800,1,2,3,1
566,1,4,2,1,3,1,4,1,4,2,2,2,2,2,10,3,226000,0.2,180800,2,1,2,0
567,1,2,2,2,3,1,2,1,1,1,1,2,3,2,7,3,193000,0.2,154400,1,2,1,0
568,2,2,1,1,3,1,1,1,4,1,2,1,3,3,7,2,131000,0.2,104800,1,2,1,1
569,2,1,2,1,2,2,1,3,4,1,2,2,2,1,12,1,132000,0.1,118800,2,2,2,0
570,2,3,1,2,3,1,4,1,4,1,1,2,3,2,8,2,190000,0.15,161500,1,3,2,1
571,2,4,1,2,2,1,1,1,1,1,2,2,3,2,10,3,180000,0.15,153000,1,3,2,0
572,1,4,1,1,3,2,4,1,4,1,2,2,2,2,10,3,117000,0.1,105300,2,2,3,1
573,1,3,1,2,1,1,2,1,4,1,2,1,2,2,8,2,170000,0.1,153000,2,1,2,0
574,2,4,2,1,1,1,1,1,2,1,2,2,3,2,8,1,218000,0.1,196200,2,2,3,0
575,1,3,1,1,2,1,2,1,4,2,2,2,3,3,11,3,193000,0.1,173700,2,2,3,0
576,1,4,1,2,3,1,4,3,2,2,2,1,1,2,4,3,186000,0.1,167400,2,2,1,0
577,1,4,1,2,3,1,3,1,2,2,1,1,1,2,6,3,203000,0.1,182700,2,3,3,0
578,2,3,1,1,2,1,1,1,3,2,2,1,2,3,9,3,308000,0.1,277200,1,3,3,0
579,1,1,1,1,2,2,2,2,3,2,2,2,2,1,9,3,196000,0.1,176400,1,3,2,1
580,2,3,2,1,1,1,1,1,3,2,2,2,3,2,8,3,134000,0.15,113900,1,2,1,0
581,2,4,1,1,1,1,3,1,2,2,2,2,3,1,10,3,221000,0.1,198900,1,2,2,0
582,1,4,1,1,1,2,4,1,4,1,1,2,3,2,9,3,102000,0.15,86700,2,2,1,0
583,2,3,2,2,2,2,1,3,3,2,1,2,2,2,10,3,218000,0.2,174400,2,2,2,0
584,1,4,2,2,3,2,4,1,4,2,1,2,1,3,8,3,246000,0.1,221400,2,2,2,0
585,1,1,2,1,3,2,3,1,3,2,2,2,1,2,10,3,136000,0.2,108800,2,1,3,0
586,2,1,1,2,2,2,1,1,4,1,2,2,2,2,7,3,195000,0.15,165750,1,3,1,0
587,2,2,1,1,2,2,4,1,4,2,1,2,2,2,7,1,152000,0.15,129200,1,2,2,0
588,1,4,1,1,1,2,2,1,1,1,2,1,3,2,7,3,255000,0.1,229500,1,2,2,0
589,1,4,2,2,2,1,2,1,4,2,2,2,3,3,12,2,185000,0.1,166500,1,2,3,1
590,1,5,2,1,2,1,2,1,2,1,1,2,3,3,11,3,175000,0.15,148750,1,3,2,0
591,1,4,1,1,1,1,3,1,4,2,1,1,2,2,8,2,108000,0.1,97200,1,2,3,0
592,1,4,1,2,2,1,3,1,3,2,2,1,2,1,10,3,163000,0.1,146700,1,2,1,0
593,2,5,1,2,1,1,1,1,4,1,1,2,2,2,11,1,177000,0.2,141600,2,2,2,0
594,2,4,1,2,3,2,1,1,2,2,2,2,3,2,8,3,175000,0.15,148750,1,2,2,1
595,1,3,1,2,2,2,2,1,4,2,1,2,1,2,12,2,173000,0.15,147050,2,2,2,1
596,2,1,1,2,1,2,1,4,3,1,2,1,2,2,9,3,170000,0.1,153000,2,3,2,0
597,1,2,2,1,2,2,3,3,1,2,2,1,3,3,8,3,85000,0.1,76500,1,2,3,0
598,2,4,1,1,1,1,1,1,2,1,1,2,3,1,10,2,195000,0.15,165750,2,3,3,0
599,1,2,1,1,2,1,2,1,3,2,2,2,3,4,10,2,194000,0.1,174600,2,3,1,1
600,1,5,1,1,2,1,2,4,4,2,2,2,2,2,9,3,210000,0.1,189000,1,2,3,1
601,1,4,1,2,3,1,3,1,3,2,1,2,3,3,7,3,151000,0.2,120800,2,2,3,0
602,1,5,1,2,2,2,3,4,4,2,2,1,3,3,11,2,219000,0.15,186150,2,2,1,0
603,1,3,1,1,3,1,3,1,4,1,2,2,2,2,12,3,174000,0.15,147900,2,2,1,1
604,2,3,1,1,3,1,1,1,2,1,2,1,3,1,7,3,193000,0.15,164050,2,3,3,1
605,2,2,1,2,2,1,1,2,4,2,1,2,3,2,8,3,161000,0.15,136850,1,2,3,0
606,1,4,1,2,2,1,4,1,4,1,1,2,3,1,11,3,129000,0.1,116100,2,2,3,0
607,1,3,2,1,1,1,3,1,4,1,2,1,2,2,10,3,166000,0.15,141100,2,2,2,0
608,2,1,1,2,3,2,1,1,4,1,1,2,1,3,10,2,151000,0.1,135900,1,3,1,0
609,1,4,1,2,3,2,2,1,4,1,2,2,2,3,7,1,212000,0.15,180200,2,1,2,0
610,1,3,1,1,2,1,4,1,1,1,1,1,3,2,13,3,182000,0.1,163800,1,2,2,0
611,2,4,1,1,1,2,3,1,4,2,2,2,2,2,10,2,164000,0.1,147600,1,2,2,0
612,2,5,2,1,2,2,2,1,4,1,1,1,2,1,8,2,197000,0.1,177300,2,3,2,0
613,1,4,1,1,3,1,3,1,1,1,1,2,3,1,9,2,236000,0.1,212400,2,3,2,1
614,2,4,2,2,2,2,1,1,4,1,2,1,2,2,10,3,224000,0.15,190400,1,3,2,0
615,1,4,1,2,2,2,4,1,1,2,2,2,2,4,8,3,133000,0.2,106400,2,2,2,0
616,1,4,1,1,3,2,4,1,2,2,1,1,3,1,7,3,164000,0.1,147600,2,3,1,1
617,2,4,1,1,1,2,3,1,4,1,2,1,3,1,10,3,242000,0.1,217800,2,3,2,0
618,1,4,1,1,3,1,3,2,4,2,1,2,2,2,10,3,274000,0.2,219200,2,3,2,0
619,1,4,1,2,3,2,4,3,1,1,2,1,1,1,10,1,141000,0.2,112800,1,1,3,0
620,2,2,2,2,2,2,1,1,4,2,1,2,2,2,11,3,144000,0.15,122400,1,2,1,0
621,2,4,1,2,2,1,2,1,4,2,2,1,3,1,8,3,124000,0.15,105400,1,2,3,0
622,2,4,1,1,3,2,1,1,3,1,1,1,3,2,10,2,146000,0.2,116800,1,2,1,1
623,2,1,1,2,1,2,3,4,2,1,2,2,3,2,10,3,191000,0.15,162350,1,3,2,0
624,2,3,2,2,1,2,4,1,3,2,1,1,2,2,7,2,161000,0.1,144900,2,2,2,0
625,2,3,1,1,1,1,1,1,4,1,2,2,3,2,11,2,186000,0.1,167400,1,2,3,0
626,2,1,2,1,2,1,3,2,4,1,1,2,2,3,13,2,140000,0.2,112000,2,1,2,0
627,2,1,1,2,3,2,1,1,2,2,2,2,3,1,11,3,196000,0.15,166600,2,1,2,1
628,1,2,1,1,2,2,2,1,3,2,2,1,3,1,4,1,220000,0.1,198000,2,1,3,1
629,2,4,1,1,3,2,1,2,3,2,2,1,3,1,5,2,163000,0.2,130400,1,1,2,1
630,1,4,1,1,3,1,2,1,4,1,2,2,3,2,11,3,152000,0.1,136800,2,2,3,1
631,1,3,1,1,3,1,2,1,3,1,1,2,2,2,12,3,199000,0.1,179100,2,1,1,1
632,1,3,1,1,2,1,2,1,4,2,1,2,3,2,6,3,101000,0.15,85850,1,2,2,1
633,2,4,1,2,3,1,2,1,4,2,2,2,2,2,10,3,166000,0.2,132800,1,3,2,1
634,1,5,1,2,2,2,2,3,4,1,1,2,3,3,8,3,132000,0.15,112200,1,2,2,1
635,2,5,2,1,3,2,1,3,1,1,1,2,3,1,7,3,197000,0.15,167450,1,2,2,1
636,2,3,1,1,3,2,1,3,1,1,2,1,3,2,11,3,176000,0.1,158400,2,2,3,1
637,1,1,1,1,3,2,3,1,4,2,1,1,3,3,8,3,127000,0.15,107950,2,3,3,1
638,2,5,1,1,3,2,1,1,3,1,2,1,2,1,7,2,248000,0.15,210800,1,2,1,1
639,1,4,2,1,2,2,2,1,4,2,2,1,1,2,9,2,332000,0.1,298800,2,2,3,1
640,2,4,1,2,3,2,1,1,4,2,1,1,3,2,11,3,208000,0.1,187200,2,2,3,1
641,2,2,1,2,2,2,2,1,4,1,2,2,3,1,10,3,216000,0.2,172800,2,1,1,1
642,1,1,2,2,2,1,2,2,4,2,1,1,3,2,8,3,194000,0.2,155200,2,1,2,1
643,1,5,1,1,3,1,3,1,3,1,1,1,3,1,10,3,198000,0.1,178200,2,3,2,1
644,2,4,2,1,3,2,1,1,3,2,1,1,3,2,9,3,152000,0.15,129200,1,3,1,1
645,1,5,1,2,2,2,2,1,4,2,1,2,2,2,4,2,163000,0.2,130400,1,2,2,1
646,2,5,1,1,2,2,2,1,3,1,1,1,2,2,9,3,149000,0.15,126650,2,3,3,1
647,1,5,1,1,3,1,3,1,4,2,2,1,2,3,10,3,208000,0.1,187200,2,3,2,1
648,1,5,2,2,2,2,2,1,4,2,2,2,2,3,9,3,225000,0.15,191250,2,2,2,1
649,2,5,1,1,3,1,1,3,1,2,1,1,2,2,7,3,191000,0.15,162350,1,2,3,1
650,1,4,1,1,3,1,2,1,2,2,2,2,2,2,9,3,171000,0.15,145350,2,3,3,1
651,1,4,1,1,3,2,3,1,3,2,2,2,3,2,7,3,188000,0.15,159800,2,2,3,1
652,2,5,1,2,3,2,1,1,4,2,1,1,3,2,9,3,168000,0.2,134400,2,2,1,1
653,1,5,2,2,2,1,2,1,4,2,1,1,3,1,8,3,91000,0.1,81900,2,2,3,1
654,1,4,1,1,3,1,2,1,3,2,2,2,2,2,7,1,187000,0.1,168300,2,2,2,1
655,2,5,2,1,1,2,2,1,3,1,1,2,3,2,8,3,139000,0.2,111200,2,3,2,0
656,2,1,1,2,3,1,1,1,4,2,2,2,3,2,8,3,219000,0.2,175200,2,1,2,1
657,2,3,1,2,3,2,1,1,4,1,2,2,3,2,8,3,143000,0.15,121550,2,3,2,1
658,2,4,1,2,3,2,1,3,4,2,1,1,3,2,8,1,118000,0.15,100300,2,3,3,1
659,1,5,1,1,2,1,2,1,1,1,1,2,2,2,10,3,163000,0.15,138550,2,1,3,1
660,1,4,1,2,2,2,2,1,3,2,2,1,3,1,8,3,205000,0.2,164000,2,2,2,1
661,1,2,1,1,3,2,3,1,4,1,2,2,1,2,9,3,115000,0.2,92000,2,3,2,1
662,2,4,2,2,3,1,1,1,4,1,2,2,3,4,9,2,210000,0.2,168000,1,1,3,1
663,2,4,2,2,3,1,1,1,3,2,1,2,3,2,14,3,214000,0.1,192600,2,3,1,1
664,2,2,1,1,3,2,1,1,2,2,2,1,2,2,11,2,200000,0.15,170000,1,3,1,1
665,1,1,1,1,2,2,2,1,4,2,2,2,3,2,11,2,120000,0.1,108000,2,2,2,1
666,2,4,1,1,2,1,2,1,1,2,1,2,3,2,15,2,157000,0.1,141300,1,1,3,1
667,2,3,1,2,2,1,2,1,2,2,2,2,3,2,10,3,194000,0.15,164900,2,3,1,1
668,1,1,2,2,2,1,2,1,1,2,1,2,3,2,9,3,199000,0.1,179100,1,2,3,1
669,2,2,2,2,3,1,1,2,4,2,2,1,3,2,8,3,189000,0.15,160650,2,2,3,1
670,1,2,1,1,3,2,4,1,1,2,2,2,3,2,12,3,209000,0.1,188100,1,2,2,1
671,1,5,1,1,3,1,2,1,2,2,1,2,1,1,12,3,176000,0.1,158400,2,2,2,1
672,2,3,1,2,3,1,3,3,2,2,2,2,3,1,11,1,183000,0.1,164700,2,1,1,1
673,1,4,1,2,2,2,2,3,3,2,1,2,3,2,9,3,160000,0.1,144000,1,3,1,1
674,2,2,1,2,3,1,1,2,4,2,2,2,3,1,8,3,158000,0.1,142200,1,3,1,1
675,2,2,1,2,3,1,3,1,4,2,2,2,3,4,6,2,179000,0.2,143200,2,2,2,1
676,1,1,1,1,3,1,2,1,4,2,1,2,3,2,9,2,185000,0.1,166500,2,2,3,1
677,1,4,2,2,2,1,2,1,2,1,2,1,3,2,9,2,198000,0.1,178200,1,2,2,1
678,1,3,1,1,2,2,2,1,3,1,1,2,1,2,11,2,208000,0.1,187200,1,2,1,1
679,2,4,1,1,3,1,1,1,4,2,1,2,3,2,6,3,179000,0.15,152150,1,3,2,1
680,2,4,2,1,1,2,2,1,4,2,1,2,3,3,13,3,182000,0.15,154700,1,3,2,0
681,2,4,1,2,3,1,1,1,2,1,1,2,2,2,10,3,205000,0.15,174250,2,3,2,1
682,1,4,1,2,2,1,2,1,1,2,2,1,3,2,9,3,251000,0.1,225900,2,1,1,1
683,1,4,1,2,2,1,2,1,2,1,2,2,3,2,11,2,118000,0.1,106200,2,2,2,1
684,2,2,1,2,3,2,1,1,3,2,1,2,3,2,11,2,218000,0.2,174400,1,2,3,1
685,2,4,1,2,3,2,2,1,3,2,1,2,3,2,7,3,97000,0.1,87300,1,3,3,1
686,1,4,1,1,2,2,2,2,4,1,2,1,2,1,8,3,184000,0.1,165600,2,1,1,1
687,2,4,1,2,3,1,1,3,3,2,2,1,3,2,10,3,198000,0.2,158400,2,2,3,1
688,1,5,2,2,2,1,2,1,4,1,2,2,3,4,6,3,257000,0.2,205600,1,2,3,1
689,2,2,1,1,3,1,1,1,4,2,1,2,2,2,10,1,136000,0.1,122400,1,3,2,1
690,1,3,1,1,3,1,2,1,4,2,1,2,1,4,8,3,135000,0.2,108000,1,1,3,1
691,2,1,2,2,3,1,1,2,4,2,1,1,3,2,8,3,183000,0.1,164700,2,2,2,1
692,2,4,2,2,1,1,2,3,4,1,1,2,2,2,10,3,85000,0.1,76500,1,2,1,0
693,2,3,1,2,2,2,2,1,3,1,2,2,1,3,12,3,239000,0.2,191200,2,3,2,1
694,2,4,1,2,2,2,2,1,4,1,2,2,2,2,9,3,235000,0.15,199750,2,3,2,1
695,2,4,1,2,3,2,1,4,4,2,2,2,3,2,9,3,222000,0.1,199800,1,2,1,1
696,1,4,1,2,2,1,2,1,4,1,1,2,3,3,9,2,137000,0.2,109600,2,1,3,1
697,1,4,2,1,2,2,2,2,2,2,1,2,3,2,8,3,229000,0.15,194650,1,3,3,1
698,2,2,1,1,3,1,1,1,2,2,1,2,3,1,5,2,190000,0.1,171000,1,2,2,1
699,2,4,1,2,3,1,1,3,3,1,2,2,3,2,7,3,175000,0.1,157500,2,1,1,1
700,1,3,1,1,3,2,3,3,4,2,1,1,3,1,9,2,143000,0.2,114400,2,1,2,1
701,2,2,2,2,1,2,2,4,4,1,2,2,3,1,10,3,132000,0.1,118800,2,3,2,1
702,2,1,1,1,3,2,1,1,4,2,2,2,3,2,12,3,202000,0.1,181800,2,1,2,1
703,1,2,1,1,3,2,2,1,3,2,1,2,3,2,6,3,203000,0.1,182700,2,1,1,1
704,2,2,1,2,3,1,1,1,4,1,1,2,3,1,10,3,110000,0.1,99000,1,1,3,1
705,2,4,1,2,3,1,2,1,1,2,2,1,2,1,10,3,165000,0.15,140250,2,3,1,1
706,1,2,1,1,2,1,2,1,3,2,1,1,3,1,8,3,127000,0.2,101600,2,1,2,1
707,1,5,2,1,2,1,2,1,4,2,1,1,3,1,6,3,156000,0.2,124800,1,2,2,1
708,2,5,2,1,1,1,2,1,4,1,1,2,3,3,10,1,152000,0.2,121600,1,2,3,1
709,1,3,1,1,2,1,2,1,3,1,1,2,2,1,8,2,182000,0.15,154700,2,2,3,1
710,1,4,1,2,2,1,2,1,1,2,2,1,3,1,8,2,129000,0.1,116100,2,2,3,1
711,1,4,1,2,2,1,2,2,4,1,1,1,2,1,10,3,262000,0.2,209600,1,3,2,1
712,1,3,2,2,2,1,2,1,3,1,1,2,2,2,12,2,132000,0.15,112200,1,2,2,1
713,1,3,1,1,3,2,3,1,3,1,1,2,3,2,8,3,161000,0.15,136850,2,2,2,1
714,2,4,1,1,3,1,1,1,1,1,2,2,1,2,10,3,188000,0.2,150400,2,1,1,1
715,2,4,1,2,3,2,2,1,1,2,1,2,3,2,9,3,189000,0.1,170100,1,2,1,1
716,1,3,1,1,2,1,2,3,3,2,2,1,1,3,9,3,164000,0.15,139400,1,3,2,1
717,2,1,1,2,3,1,3,1,3,2,2,2,1,1,9,3,170000,0.15,144500,2,2,1,1
718,1,5,1,1,3,2,3,1,1,2,2,1,3,1,12,2,176000,0.1,158400,1,2,2,1
719,2,4,1,2,3,1,1,1,3,2,2,2,2,1,10,3,263000,0.1,236700,2,1,2,1
720,2,4,1,2,2,2,2,1,2,2,2,1,3,2,9,3,144000,0.1,129600,2,2,2,1
721,1,5,1,1,3,1,2,3,3,2,1,1,2,2,7,3,278000,0.1,250200,1,1,3,1
722,2,2,1,1,2,2,2,3,1,1,2,1,3,2,6,3,166000,0.1,149400,2,3,2,1
723,1,5,1,1,3,1,3,4,4,2,1,2,2,1,7,2,159000,0.1,143100,1,2,2,1
724,2,5,1,2,3,2,3,1,4,2,1,2,3,1,11,3,204000,0.1,183600,1,2,1,1
725,1,4,2,1,2,1,2,1,4,2,2,2,2,2,8,2,138000,0.15,117300,1,2,2,1
726,1,1,1,1,2,2,2,1,3,1,2,2,2,1,10,3,167000,0.15,141950,2,2,3,1
727,1,4,1,1,3,2,2,1,4,2,2,2,3,2,7,2,204000,0.15,173400,2,2,1,1
728,2,3,2,2,3,2,1,1,3,1,2,2,3,3,12,3,218000,0.2,174400,1,2,2,1
729,1,3,1,1,3,2,2,2,4,1,2,1,3,2,9,2,170000,0.1,153000,2,2,2,1
730,2,2,1,1,3,1,1,1,4,1,2,2,3,1,5,3,216000,0.1,194400,1,3,1,1
731,1,2,1,1,3,1,4,1,3,1,2,2,3,1,10,3,139000,0.1,125100,2,1,1,1
732,1,4,1,1,3,2,2,4,4,2,2,2,2,1,9,3,166000,0.1,149400,2,1,1,1
733,2,3,1,2,3,1,1,2,4,2,1,1,3,3,10,1,126000,0.15,107100,2,2,2,1
734,2,4,1,1,3,1,1,1,4,2,1,1,3,2,7,2,158000,0.15,134300,2,1,2,1
735,2,5,1,1,1,2,2,1,4,1,1,1,3,2,6,3,188000,0.1,169200,2,2,1,1
736,2,4,2,2,3,2,1,1,4,2,2,2,2,2,8,3,147000,0.1,132300,2,2,3,1
737,2,3,1,2,2,1,2,1,4,1,2,1,3,1,9,3,176000,0.1,158400,1,3,2,1
738,2,3,1,1,1,2,2,1,4,1,2,2,3,2,9,3,150000,0.2,120000,2,1,3,1
739,2,4,1,2,1,2,2,1,4,2,2,2,3,3,8,3,173000,0.2,138400,1,3,3,0
740,2,5,1,2,3,2,1,4,4,2,2,2,3,2,9,3,187000,0.15,158950,1,3,1,1
741,1,1,1,1,3,1,4,1,2,2,1,2,3,1,9,3,260000,0.15,221000,2,3,3,1
742,1,4,1,2,2,1,2,1,2,2,1,2,2,4,10,3,218000,0.1,196200,2,3,2,1
743,1,4,1,1,3,2,2,1,4,2,2,2,3,2,12,3,188000,0.2,150400,2,2,2,1
744,2,5,1,2,3,2,1,3,3,2,2,1,3,3,11,2,186000,0.2,148800,2,3,2,1
745,1,3,1,1,2,2,2,1,3,2,1,1,3,2,7,3,180000,0.15,153000,2,1,1,1
746,2,3,1,1,2,2,2,1,4,2,2,2,2,1,9,3,128000,0.15,108800,1,2,2,1
747,2,5,1,2,3,1,1,2,1,2,1,1,3,2,8,1,156000,0.2,124800,2,2,2,1
748,2,4,1,2,3,1,1,1,3,2,2,1,2,2,7,2,190000,0.2,152000,1,2,3,1
749,1,4,1,2,2,2,2,1,4,1,2,2,3,2,9,3,208000,0.15,176800,1,1,1,1
750,2,2,2,1,3,2,1,1,4,2,1,2,3,1,7,3,250000,0.1,225000,1,3,2,1
751,2,3,1,2,2,2,2,1,2,1,2,2,3,1,6,2,209000,0.1,188100,2,2,2,1
752,2,2,2,2,3,2,1,1,2,1,1,2,3,2,7,3,197000,0.1,177300,1,1,1,1
753,2,4,1,1,3,2,4,1,4,1,2,2,3,3,12,3,138000,0.1,124200,1,2,3,1
754,2,4,1,1,3,2,1,1,4,1,2,2,1,2,9,3,224000,0.1,201600,2,2,3,1
755,1,4,1,1,3,1,4,3,4,2,2,1,3,1,10,1,192000,0.15,163200,2,3,2,1
756,2,3,1,2,1,2,2,1,3,2,2,2,3,2,11,2,126000,0.1,113400,1,3,2,1
757,1,4,1,1,3,2,2,2,3,1,2,2,3,2,11,1,255000,0.1,229500,2,2,2,1
758,2,2,1,2,3,1,1,1,4,2,1,1,3,2,8,3,103000,0.15,87550,2,3,2,1
759,2,5,2,1,3,1,1,1,3,1,1,1,3,1,7,3,227000,0.1,204300,2,1,1,1
760,2,1,1,1,2,1,2,1,4,2,2,2,2,2,10,1,206000,0.1,185400,2,1,2,1
761,1,4,2,2,2,1,2,3,3,1,2,2,1,2,8,3,168000,0.2,134400,2,1,1,1
762,1,3,1,1,2,1,2,1,4,2,2,2,3,2,12,3,113000,0.2,90400,2,2,3,1
763,2,5,1,2,3,1,1,1,2,2,1,2,1,3,7,3,143000,0.1,128700,2,1,3,1
764,2,3,2,2,3,2,1,3,3,1,2,2,2,2,8,3,166000,0.1,149400,2,2,3,1
765,1,4,1,1,3,1,3,1,1,2,2,2,3,2,10,3,110000,0.1,99000,1,2,2,1
766,2,4,1,2,3,2,1,3,2,1,2,2,3,1,7,2,144000,0.1,129600,2,2,2,1
767,2,5,1,2,3,2,1,1,4,2,2,2,3,2,5,2,182000,0.15,154700,1,2,2,1
768,2,5,1,1,3,1,1,1,3,2,2,2,2,4,6,2,127000,0.15,107950,2,1,1,1
769,2,4,2,1,3,1,3,1,3,2,1,2,3,2,8,3,177000,0.1,159300,1,1,3,1
770,1,4,1,1,3,2,2,1,3,2,1,1,2,3,9,1,172000,0.1,154800,2,2,3,1
771,2,2,1,2,2,1,2,1,4,2,1,2,3,2,7,3,182000,0.15,154700,1,2,1,1
772,1,1,1,1,3,2,4,1,4,2,1,1,3,2,7,3,188000,0.15,159800,2,1,1,1
773,2,4,2,1,3,1,1,1,4,1,1,2,3,2,11,3,117000,0.1,105300,2,1,2,1
774,1,2,1,1,3,2,4,1,4,2,2,2,3,2,7,3,246000,0.1,221400,2,2,3,1
775,1,3,1,2,2,2,2,1,4,2,1,1,3,2,10,2,191000,0.15,162350,2,3,1,1
776,1,1,1,2,2,1,2,2,2,2,1,2,2,3,8,3,144000,0.1,129600,2,2,1,1
777,2,4,1,1,2,2,2,1,3,1,2,1,3,2,13,2,173000,0.15,147050,1,2,3,1
778,2,4,1,1,3,2,3,1,2,1,2,2,3,2,8,3,205000,0.1,184500,1,1,2,1
779,2,4,2,2,3,2,3,1,4,2,2,2,3,2,8,3,102000,0.1,91800,1,3,2,1
780,1,2,1,1,2,1,2,1,2,1,1,2,3,4,11,3,238000,0.1,214200,2,1,1,1
781,1,4,2,2,2,1,2,1,2,1,2,2,3,2,7,2,154000,0.2,123200,2,2,3,1
782,1,3,2,2,2,1,2,1,3,1,1,1,3,2,7,2,164000,0.1,147600,1,3,3,1
783,2,4,1,2,3,1,1,1,3,2,1,2,1,2,7,3,201000,0.2,160800,1,2,3,1
784,1,5,1,1,3,1,2,1,2,2,2,2,3,2,10,2,178000,0.1,160200,1,2,3,1
785,1,4,1,1,3,2,2,1,3,2,2,2,3,2,8,2,193000,0.1,173700,1,2,2,1
786,2,4,2,2,3,2,1,3,4,2,1,2,3,1,10,1,121000,0.15,102850,1,2,2,1
787,2,2,1,2,3,1,1,1,3,1,2,2,3,1,12,3,219000,0.1,197100,2,2,2,1
788,2,4,1,1,2,2,2,1,1,2,1,2,3,1,11,2,155000,0.1,139500,2,3,1,1
789,2,3,2,1,3,1,1,2,4,2,2,2,3,1,6,3,156000,0.1,140400,1,3,2,1
790,2,4,2,1,3,2,2,1,2,1,1,1,3,2,8,2,224000,0.15,190400,1,3,1,1
791,1,4,2,2,2,2,2,1,2,2,2,1,1,2,13,1,183000,0.1,164700,1,1,1,1
792,2,4,1,1,2,1,2,1,3,2,1,2,2,1,11,3,147000,0.1,132300,2,3,1,1
793,1,3,1,1,2,1,2,2,4,2,1,1,3,2,9,2,134000,0.1,120600,2,1,2,1
794,1,3,1,2,2,1,2,1,2,1,2,2,3,2,8,2,94000,0.2,75200,1,1,2,1
795,2,2,2,2,3,1,2,1,3,1,2,1,3,4,9,3,125000,0.15,106250,1,3,1,1
796,1,4,1,1,2,1,2,1,2,1,1,2,3,2,7,3,203000,0.15,172550,2,1,1,1
797,1,5,1,1,3,2,3,1,2,1,2,2,3,3,9,2,194000,0.15,164900,1,1,1,1
798,2,4,1,2,3,2,1,1,1,2,1,2,2,4,5,3,134000,0.2,107200,1,3,2,1
799,2,5,1,2,2,1,2,1,1,2,2,1,2,1,6,3,175000,0.1,157500,1,3,3,1
800,2,3,1,2,3,1,3,1,4,2,2,2,3,2,8,3,177000,0.1,159300,2,3,2,1
801,2,4,1,2,3,1,3,2,4,1,2,2,3,2,9,3,235000,0.15,199750,1,2,3,1
802,1,5,2,2,2,2,2,1,3,1,2,2,2,2,8,2,185000,0.1,166500,2,2,2,1
803,2,5,1,1,3,1,1,1,3,1,2,2,3,2,10,3,180000,0.1,162000,1,2,1,1
804,2,3,1,2,3,2,1,1,4,1,1,1,3,4,7,2,202000,0.1,181800,2,2,2,1
805,1,3,1,2,2,2,2,1,2,1,2,1,3,2,5,3,181000,0.15,153850,2,3,1,1
806,2,2,2,1,3,1,2,1,3,2,2,2,2,2,13,1,176000,0.2,140800,2,2,1,1
807,2,5,1,2,3,2,1,1,2,1,2,2,2,4,11,3,136000,0.15,115600,2,2,2,1
808,2,2,1,1,1,2,2,3,4,2,1,1,3,1,9,3,134000,0.2,107200,1,2,1,0
809,1,1,1,2,2,2,2,1,3,1,1,2,3,2,8,3,113000,0.2,90400,2,2,3,1
810,2,2,1,2,3,2,1,1,3,2,1,1,2,2,7,3,186000,0.15,158100,1,3,1,1
811,2,2,1,2,1,2,2,1,3,1,1,2,3,2,7,1,196000,0.15,166600,1,3,2,0
812,1,5,1,1,3,2,4,2,3,1,2,2,3,1,9,3,181000,0.1,162900,2,2,3,1
813,1,3,1,1,3,2,4,1,4,1,1,2,3,2,6,3,173000,0.15,147050,2,1,1,1
814,1,4,1,1,2,1,2,1,2,2,1,1,2,2,9,2,193000,0.15,164050,1,2,3,1
815,2,3,1,2,2,2,2,1,3,2,1,1,2,2,15,3,188000,0.15,159800,2,1,2,1
816,2,2,1,1,3,2,2,1,1,1,2,2,3,2,8,3,187000,0.1,168300,2,3,1,1
817,2,4,1,2,3,2,1,1,3,2,1,1,1,1,9,1,167000,0.2,133600,2,3,2,1
818,2,2,1,1,3,2,1,2,4,2,2,2,3,2,9,3,146000,0.1,131400,2,1,2,1
819,1,1,1,2,2,1,2,2,1,2,2,2,3,2,8,3,159000,0.15,135150,1,3,2,1
820,2,5,2,1,3,2,1,1,2,1,2,2,3,1,9,3,295000,0.1,265500,2,2,2,1
821,2,4,2,1,1,2,2,1,4,2,2,1,2,2,10,3,153000,0.1,137700,2,2,1,0
822,1,3,2,1,2,1,2,1,4,2,2,2,1,4,6,1,171000,0.15,145350,1,2,2,1
823,1,5,1,1,3,2,3,1,2,1,2,2,1,2,8,1,286000,0.1,257400,2,2,2,1
824,2,4,2,2,3,1,1,1,4,1,2,1,2,2,9,3,196000,0.1,176400,1,2,2,1
825,1,1,1,1,2,2,2,1,3,1,2,2,3,2,8,3,193000,0.2,154400,1,1,3,1
826,2,5,1,2,2,2,2,1,4,2,1,1,2,2,11,3,149000,0.2,119200,1,3,1,1
827,2,4,1,1,1,1,2,1,3,1,1,2,3,2,9,2,135000,0.15,114750,2,2,1,0
828,2,4,2,2,3,2,1,1,3,1,1,1,3,2,11,3,221000,0.2,176800,1,2,3,1
829,2,5,2,1,3,1,1,3,2,2,1,1,2,1,10,2,163000,0.1,146700,1,1,2,1
830,2,2,1,1,2,2,2,2,3,2,1,2,2,2,13,3,193000,0.15,164050,1,3,2,1
831,2,5,1,2,1,1,2,1,3,1,2,1,2,1,8,2,174000,0.1,156600,1,3,1,0
832,2,5,2,1,2,2,2,1,4,1,2,1,3,2,7,3,123000,0.1,110700,1,1,2,1
833,1,5,1,2,2,2,2,1,4,1,2,1,2,1,8,2,276000,0.1,248400,2,2,3,1
834,2,4,1,1,3,1,3,1,3,2,1,2,3,1,10,3,170000,0.1,153000,2,2,2,1
835,2,2,1,1,3,2,1,1,3,1,1,2,3,2,11,3,191000,0.15,162350,1,1,1,1
836,2,4,1,1,3,1,1,1,2,2,2,2,3,2,6,1,159000,0.15,135150,2,3,3,1
837,2,3,1,2,2,1,2,2,2,2,1,2,3,2,6,1,269000,0.2,215200,2,3,3,1
838,2,5,1,2,3,1,2,1,3,2,2,2,3,2,7,3,91000,0.1,81900,2,3,3,1
839,2,2,1,1,3,2,1,1,3,2,2,1,3,1,10,3,184000,0.15,156400,2,2,2,1
840,2,5,1,1,3,2,1,1,3,1,2,2,3,3,6,1,200000,0.15,170000,2,2,1,1
841,2,3,2,2,3,1,2,1,3,1,1,1,2,2,9,3,129000,0.1,116100,2,2,2,1
842,2,2,1,2,3,2,2,1,2,2,2,1,3,2,11,1,251000,0.1,225900,2,1,2,1
843,2,5,2,1,2,1,2,1,3,2,2,2,3,2,9,3,290000,0.1,261000,2,2,1,1
844,2,4,2,1,3,2,2,1,3,2,1,2,2,2,10,2,153000,0.1,137700,2,3,3,1
845,2,4,1,1,3,1,1,1,3,2,2,2,2,2,10,3,230000,0.1,207000,1,2,3,1
846,2,5,1,2,3,2,2,1,2,2,1,2,3,3,9,3,166000,0.1,149400,2,3,3,1
847,1,4,1,2,2,2,2,1,2,2,1,2,1,2,9,1,217000,0.1,195300,2,3,2,1
848,2,3,1,2,3,2,1,1,3,2,2,2,3,2,12,2,169000,0.1,152100,1,3,2,1
849,1,1,1,1,2,1,2,3,4,1,1,2,3,3,8,3,221000,0.1,198900,1,3,1,1
850,2,5,1,2,3,2,1,1,4,1,1,2,3,4,8,2,88000,0.15,74800,2,3,3,1
851,2,5,1,1,2,2,2,1,4,2,2,2,2,2,9,2,203000,0.15,172550,2,3,1,1
852,2,4,1,2,3,2,1,1,4,1,2,2,3,2,12,3,161000,0.2,128800,2,2,1,1
853,2,4,1,1,3,1,1,1,3,2,1,2,3,2,11,3,261000,0.2,208800,1,2,1,1
854,1,3,1,1,3,1,2,2,2,1,2,1,3,2,9,3,155000,0.1,139500,2,3,3,1
855,2,1,2,2,3,2,1,1,2,2,1,1,2,2,7,3,199000,0.1,179100,2,3,2,1
856,1,2,1,1,3,1,3,1,4,1,2,2,3,2,10,1,134000,0.1,120600,2,1,3,1
857,1,4,1,2,2,1,2,4,3,1,2,2,3,3,8,3,174000,0.15,147900,2,2,2,1
858,1,4,2,1,2,2,2,1,4,2,2,2,1,2,9,2,179000,0.15,152150,2,1,1,1
859,2,2,1,1,3,1,1,1,2,2,2,1,1,1,11,2,152000,0.1,136800,1,2,2,1
860,2,1,2,2,3,1,1,1,3,2,1,1,2,2,12,1,210000,0.15,178500,2,2,2,1
861,2,5,1,2,3,2,1,1,3,2,1,2,3,2,10,3,334000,0.1,300600,2,2,2,1
862,2,4,1,2,2,1,2,1,4,2,1,2,3,2,8,3,174000,0.1,156600,1,3,2,1
863,2,1,1,2,3,1,1,1,3,2,2,2,2,2,11,3,153000,0.15,130050,2,2,1,1
864,2,1,1,2,3,2,1,1,4,2,1,1,3,1,9,2,127000,0.1,114300,2,3,3,1
865,2,1,1,2,1,2,2,2,3,2,2,2,3,1,10,3,189000,0.1,170100,1,1,3,1
866,1,4,1,1,3,2,4,1,2,2,1,2,3,3,10,3,242000,0.1,217800,2,3,3,1
867,1,3,1,1,3,1,2,1,3,2,2,2,2,2,4,3,178000,0.1,160200,2,3,1,1
868,2,2,2,2,3,1,3,1,2,1,1,1,3,2,8,3,166000,0.15,141100,2,2,2,1
869,2,3,1,1,3,2,1,3,2,2,1,1,3,2,7,2,251000,0.2,200800,1,1,1,1
870,2,5,1,2,3,2,1,1,4,1,1,2,3,2,11,3,174000,0.2,139200,1,2,3,1
871,2,3,2,1,2,2,2,1,4,1,1,1,3,2,9,2,199000,0.1,179100,1,2,2,1
872,1,5,2,2,2,2,2,1,4,2,2,2,3,2,9,1,192000,0.15,163200,2,2,3,1
873,1,4,1,2,2,2,2,1,4,1,2,1,3,3,11,3,229000,0.1,206100,2,2,2,1
874,2,5,1,1,1,2,2,2,2,2,1,2,3,2,11,2,92000,0.2,73600,1,2,1,1
875,2,4,1,2,3,1,1,2,1,1,2,2,3,2,10,2,175000,0.2,140000,2,2,3,1
876,2,4,2,1,3,1,3,1,3,1,1,2,3,2,9,3,169000,0.15,143650,2,2,1,1
877,2,3,1,1,3,1,1,1,4,2,1,2,3,3,10,3,168000,0.1,151200,1,2,2,1
878,2,3,2,2,1,2,2,1,4,2,1,1,3,2,8,2,163000,0.15,138550,2,3,1,0
879,2,4,1,1,3,1,1,1,1,2,2,1,1,1,7,3,182000,0.2,145600,2,2,1,1
880,2,5,1,1,3,1,1,2,3,2,1,2,2,2,10,1,156000,0.15,132600,2,2,2,1
881,1,5,1,1,3,1,2,1,4,1,1,1,3,2,10,2,102000,0.2,81600,2,2,1,1
882,2,3,1,2,3,1,3,1,3,1,2,2,3,2,9,3,166000,0.2,132800,1,1,3,1
883,2,3,2,2,3,2,1,1,4,1,2,2,3,2,14,3,200000,0.15,170000,1,1,1,1
884,2,5,1,1,3,1,1,1,2,2,2,2,3,2,8,3,230000,0.15,195500,2,3,2,1
885,2,2,1,2,1,2,2,1,4,1,1,2,3,3,8,3,205000,0.2,164000,1,3,1,0
886,2,2,1,1,3,2,1,1,4,1,1,2,2,3,7,3,116000,0.1,104400,1,2,3,1
887,2,2,1,1,3,2,1,1,2,1,1,2,3,1,8,3,144000,0.15,122400,1,3,2,1
888,2,2,2,1,3,1,2,1,1,2,1,1,3,2,12,2,183000,0.2,146400,1,2,3,1
889,2,4,1,2,3,1,1,3,2,1,1,2,3,3,10,3,196000,0.1,176400,2,1,3,1
890,2,5,2,2,3,1,1,1,3,2,2,1,3,2,11,3,223000,0.1,200700,2,2,2,1
891,2,1,1,1,2,2,2,1,4,2,1,2,3,2,8,3,165000,0.1,148500,2,3,2,1
892,2,4,1,1,2,2,2,1,4,1,2,2,3,1,11,3,174000,0.2,139200,2,2,2,1
893,2,3,1,2,3,1,1,1,1,1,2,1,3,1,9,3,271000,0.2,216800,1,2,3,1
894,2,5,2,2,3,1,1,1,2,2,1,1,3,2,12,3,130000,0.2,104000,1,3,1,1
895,2,4,2,2,3,2,1,1,1,2,2,1,2,2,11,1,221000,0.15,187850,2,1,3,1
896,1,4,1,1,2,1,2,1,2,2,2,2,3,2,7,3,187000,0.1,168300,1,2,3,1
897,2,2,2,1,3,1,1,1,4,1,1,2,2,2,11,3,128000,0.2,102400,2,1,2,1
898,2,1,1,2,1,2,2,1,4,2,1,2,3,2,7,3,154000,0.15,130900,2,3,3,0
899,1,4,2,2,2,2,2,4,4,1,1,1,3,1,10,3,165000,0.1,148500,2,3,1,1
900,2,4,1,1,3,1,1,4,4,2,1,1,2,1,9,3,172000,0.2,137600,1,3,3,1
901,2,1,1,1,3,2,1,2,4,2,1,1,3,2,9,3,248000,0.15,210800,1,2,1,1
902,1,5,1,1,3,1,3,1,2,2,2,2,1,2,7,3,149000,0.1,134100,2,3,2,1
903,1,1,1,1,3,1,2,1,4,2,2,1,2,2,5,1,203000,0.15,172550,2,1,2,1
904,2,4,1,2,3,1,1,1,4,2,2,1,3,2,11,3,124000,0.2,99200,1,3,2,1
905,2,2,2,2,3,2,1,1,3,1,2,2,3,3,7,1,212000,0.1,190800,1,2,2,1
906,1,3,2,2,2,2,2,1,3,2,2,2,2,2,8,3,204000,0.2,163200,1,1,2,1
907,1,4,1,1,3,2,2,1,2,2,2,1,3,2,8,1,63000,0.1,56700,1,3,3,1
908,1,3,2,1,2,1,2,1,3,2,2,1,3,2,7,2,212000,0.1,190800,1,1,3,1
909,2,2,1,2,3,1,1,2,4,2,2,1,3,1,9,2,172000,0.1,154800,2,2,3,1
910,2,4,1,1,3,1,1,1,3,1,1,2,2,1,4,3,186000,0.1,167400,1,3,1,1
911,2,4,2,1,3,1,1,1,4,2,2,1,3,1,9,3,197000,0.15,167450,2,2,2,1
912,2,3,2,2,3,1,1,1,4,2,1,2,1,1,9,3,157000,0.1,141300,2,3,2,1
913,2,4,1,1,3,2,1,1,2,2,1,2,3,3,6,3,169000,0.2,135200,2,2,3,1
914,2,4,1,2,2,2,2,1,2,1,2,1,2,1,9,3,187000,0.1,168300,2,1,3,1
915,2,4,2,2,3,2,3,1,3,2,1,2,3,3,8,3,223000,0.1,200700,1,2,2,1
916,2,4,2,1,3,2,3,4,2,2,1,1,3,3,11,3,106000,0.1,95400,1,2,2,1
917,2,4,1,2,3,1,1,1,4,2,2,1,3,2,11,3,140000,0.1,126000,2,3,2,1
918,2,5,1,1,3,2,1,1,2,1,1,1,2,2,10,3,169000,0.2,135200,1,2,1,1
919,1,3,1,1,2,2,2,1,4,2,2,2,3,2,9,3,177000,0.1,159300,1,3,3,1
920,2,4,1,2,3,2,1,1,2,2,1,2,3,2,7,3,151000,0.2,120800,1,2,2,1
921,1,1,1,2,2,1,2,3,3,2,1,2,3,2,8,3,211000,0.15,179350,2,2,3,1
922,2,4,1,2,3,1,1,1,3,2,1,2,2,1,11,3,223000,0.1,200700,1,3,2,1
923,2,4,1,2,3,1,1,1,4,2,1,2,3,1,9,3,231000,0.1,207900,2,2,1,1
924,1,5,1,2,2,2,2,1,3,2,2,2,3,1,11,2,209000,0.15,177650,2,2,1,1
925,2,4,1,2,3,2,1,1,2,1,1,2,3,3,10,1,170000,0.1,153000,2,2,2,1
926,2,5,1,2,3,2,3,1,3,1,1,2,3,2,5,1,248000,0.1,223200,1,2,3,1
927,1,3,1,1,3,1,4,1,2,2,2,2,3,2,9,3,114000,0.15,96900,2,2,2,1
928,1,5,1,1,3,1,3,1,2,2,2,2,3,2,10,3,172000,0.2,137600,1,2,2,1
929,1,2,1,1,3,2,2,1,4,2,1,1,3,2,8,3,179000,0.2,143200,1,1,2,1
930,1,1,2,1,2,2,2,1,4,2,1,2,2,2,9,3,158000,0.15,134300,1,3,3,1
931,2,4,1,1,3,1,1,1,3,1,2,2,2,4,8,3,160000,0.15,136000,1,1,2,1
932,2,1,2,1,3,1,3,3,3,1,2,2,3,1,9,2,150000,0.2,120000,1,3,3,1
933,1,3,1,2,2,1,2,1,3,2,1,2,2,4,8,3,177000,0.15,150450,1,3,3,1
934,2,5,2,2,3,2,3,3,1,2,1,1,2,3,8,2,170000,0.1,153000,1,3,2,1
935,2,3,1,2,3,1,1,1,3,2,2,2,2,2,9,3,181000,0.1,162900,2,3,2,1
936,2,4,1,1,3,1,1,1,3,2,2,2,2,2,12,3,171000,0.1,153900,2,2,2,1
937,2,2,2,2,3,2,3,1,3,2,2,2,2,4,8,3,189000,0.2,151200,2,1,2,1
938,2,3,1,1,3,1,1,1,3,2,2,2,3,2,10,3,232000,0.1,208800,1,2,2,1
939,1,4,2,2,2,1,2,4,1,1,2,1,2,1,10,3,172000,0.1,154800,2,1,2,1
940,2,5,1,1,3,1,3,1,4,1,2,1,2,1,11,3,212000,0.15,180200,1,2,2,1
941,1,4,1,1,3,1,3,1,4,2,1,2,3,1,11,3,153000,0.1,137700,1,2,1,1
942,2,5,1,2,3,2,1,1,4,2,1,1,3,1,7,2,152000,0.15,129200,1,3,2,1
943,1,4,2,1,2,2,2,3,4,2,2,2,3,1,7,2,157000,0.1,141300,2,2,2,1
944,2,2,2,2,3,1,1,1,4,2,1,2,1,1,9,3,74000,0.2,59200,1,2,3,1
945,1,2,1,2,2,2,2,1,4,2,1,2,2,2,7,3,166000,0.15,141100,2,1,3,1
946,1,3,1,1,3,2,2,4,2,2,1,1,3,2,8,2,93000,0.2,74400,1,2,1,1
947,1,2,1,2,2,1,2,1,3,1,2,2,3,2,9,3,168000,0.15,142800,1,2,3,1
948,2,1,2,1,2,2,2,2,4,1,2,2,3,3,11,2,137000,0.1,123300,2,2,2,1
949,2,3,1,2,3,2,2,1,3,2,2,1,2,2,4,3,174000,0.15,147900,2,2,3,1
950,2,5,2,2,3,2,1,1,4,1,1,2,3,2,14,3,138000,0.1,124200,1,3,2,1
951,2,3,1,2,2,1,2,1,1,2,2,2,3,1,7,3,173000,0.1,155700,1,1,2,1
952,2,4,1,2,1,2,2,1,3,2,2,2,1,3,11,2,234000,0.1,210600,2,3,1,0
953,2,4,2,2,3,2,3,1,4,2,1,1,2,4,11,3,167000,0.15,141950,1,3,2,1
954,2,3,2,1,3,1,1,1,3,2,2,1,3,1,7,3,152000,0.15,129200,2,2,3,1
955,1,2,1,1,2,2,2,1,2,1,2,1,1,1,10,2,253000,0.1,227700,1,2,2,1
956,1,4,2,2,2,2,2,2,3,2,2,2,3,2,10,2,185000,0.15,157250,2,1,3,1
957,2,1,2,1,3,2,3,1,3,1,2,2,3,3,7,3,242000,0.1,217800,2,1,1,1
958,2,4,1,2,1,1,2,1,4,2,1,2,2,1,11,3,135000,0.15,114750,1,1,3,0
959,2,3,2,1,3,1,2,1,4,2,1,2,1,1,9,3,185000,0.2,148000,2,1,3,1
960,1,4,1,1,3,1,2,2,4,2,2,1,1,2,9,3,129000,0.15,109650,2,1,3,1
961,2,2,2,2,3,1,4,2,3,2,1,2,2,2,9,1,174000,0.2,139200,2,2,1,1
962,2,1,1,1,3,2,3,1,3,1,1,2,3,3,10,3,149000,0.15,126650,1,2,3,1
963,2,4,1,1,3,2,3,1,2,2,2,1,2,2,8,2,135000,0.1,121500,1,1,3,1
964,2,5,2,1,3,1,1,1,4,2,2,1,3,2,11,3,200000,0.1,180000,2,1,1,1
965,1,2,1,1,2,1,2,1,1,2,2,2,3,2,6,3,166000,0.15,141100,1,1,3,1
966,1,3,1,1,3,2,4,1,4,2,1,2,2,2,10,3,211000,0.15,179350,2,2,3,1
967,1,1,1,1,3,1,3,1,2,2,2,1,1,2,6,3,202000,0.15,171700,2,3,2,1
968,1,4,2,2,2,2,2,1,3,2,1,2,3,3,10,3,171000,0.15,145350,1,2,2,1
969,2,3,2,2,3,1,1,1,4,2,2,2,3,2,6,2,145000,0.15,123250,1,3,1,1
970,1,4,1,2,2,2,2,2,2,2,2,2,3,1,10,3,177000,0.1,159300,2,3,2,1
971,2,3,1,1,2,2,2,1,4,2,1,2,2,4,8,2,257000,0.1,231300,1,1,2,1
972,2,3,2,1,3,1,1,1,4,1,1,2,3,1,7,3,194000,0.1,174600,2,2,1,1
973,1,4,2,1,2,1,2,1,3,2,1,1,2,3,7,3,219000,0.15,186150,2,3,2,1
974,2,5,1,1,2,1,2,1,4,1,1,1,1,2,10,3,156000,0.15,132600,1,3,3,1
975,2,3,1,1,3,1,1,1,3,2,1,2,3,1,6,3,166000,0.15,141100,2,1,1,1
976,1,4,2,2,2,2,2,1,4,2,2,2,3,2,8,1,81000,0.15,68850,2,1,1,1
977,2,4,1,2,3,1,1,1,3,1,2,2,2,2,9,3,168000,0.15,142800,2,1,1,1
978,2,4,1,1,3,1,1,1,1,2,1,2,1,2,4,3,156000,0.15,132600,1,3,2,1
979,1,3,1,2,2,1,2,1,4,1,2,2,3,1,9,3,190000,0.15,161500,2,2,2,1
980,2,3,1,1,3,2,1,1,1,1,1,2,3,3,12,2,161000,0.1,144900,2,2,2,1
981,2,4,1,1,3,1,1,1,3,2,1,2,3,2,9,2,261000,0.15,221850,2,1,3,1
982,1,2,1,2,2,2,2,2,2,1,2,2,2,1,8,3,228000,0.2,182400,2,2,2,1
983,1,3,2,2,2,2,2,3,4,1,2,2,3,2,8,3,212000,0.1,190800,2,2,3,1
984,1,5,1,1,3,2,3,1,3,1,2,1,3,3,6,3,181000,0.15,153850,2,2,2,1
985,1,1,2,2,2,2,2,2,1,2,2,1,3,2,9,3,203000,0.1,182700,1,1,2,1
986,1,4,2,2,2,2,2,2,4,2,2,2,3,1,6,3,179000,0.15,152150,2,2,2,1
987,2,2,1,2,3,2,1,1,3,2,1,2,3,2,10,2,148000,0.1,133200,1,2,3,1
988,2,3,2,2,3,1,1,3,3,1,1,1,3,1,10,3,160000,0.1,144000,2,2,3,1
989,1,3,2,1,2,2,2,4,3,1,2,2,3,4,7,1,221000,0.1,198900,1,1,1,1
990,1,3,1,1,3,2,3,2,2,1,1,2,3,2,8,3,245000,0.2,196000,2,3,1,1
991,2,3,1,2,3,1,1,1,1,1,2,1,1,2,9,3,295000,0.1,265500,2,1,2,1
992,1,2,2,2,2,2,2,1,2,2,1,2,1,1,9,3,176000,0.15,149600,1,3,1,1
993,2,3,1,1,3,2,1,1,2,2,2,1,2,2,9,3,164000,0.1,147600,2,2,2,1
994,2,4,1,2,3,2,1,1,2,2,1,1,3,1,11,1,208000,0.1,187200,2,2,3,1
995,2,5,1,2,3,2,1,4,2,2,1,2,3,4,8,3,217000,0.15,184450,1,2,3,1
996,2,3,1,1,3,2,1,1,2,1,1,2,2,2,9,1,149000,0.15,126650,2,2,2,1
997,2,3,1,1,3,1,1,1,3,2,2,1,1,2,10,3,121000,0.2,96800,2,3,2,1
998,1,2,1,1,2,1,2,2,4,2,2,2,1,4,9,2,125000,0.15,106250,1,3,3,1
999,1,4,1,1,2,2,2,1,4,1,2,1,3,2,5,2,189000,0.15,160650,2,1,3,1
1000,1,1,2,2,2,2,2,1,4,2,2,2,2,2,10,3,204000,0.15,173400,2,1,2,1
1001,2,5,1,2,3,1,1,2,3,1,2,1,2,2,6,2,187000,0.2,149600,1,3,3,1
1002,2,2,1,2,3,2,1,3,4,2,1,1,2,2,10,3,159000,0.15,135150,2,2,3,1
1003,2,1,1,2,2,2,2,1,4,1,2,2,3,1,9,3,246000,0.1,221400,1,2,2,1
1004,2,1,2,2,3,1,1,4,3,2,1,2,3,4,9,3,189000,0.1,170100,1,2,1,1
1005,2,4,2,1,3,1,1,1,4,1,1,2,2,2,14,3,120000,0.15,102000,2,3,1,1
1006,1,1,1,1,3,1,2,4,3,1,2,2,2,1,6,2,239000,0.2,191200,2,3,1,1
1007,2,2,2,2,3,2,2,1,2,1,2,1,3,2,8,3,133000,0.2,106400,2,2,2,1
1008,1,3,1,1,3,2,2,1,3,2,2,2,3,2,7,3,157000,0.1,141300,1,2,3,1
1009,1,1,1,1,3,1,2,1,4,2,2,1,3,1,11,3,202000,0.2,161600,1,2,2,1
1010,2,3,1,1,2,2,2,2,1,1,2,2,1,2,6,2,202000,0.1,181800,2,3,1,1
1011,1,5,1,2,2,2,2,3,1,1,2,2,3,1,13,2,160000,0.1,144000,2,3,3,1
1012,1,5,2,1,2,2,2,1,2,2,2,2,3,1,7,2,155000,0.1,139500,2,1,1,1
1013,2,4,1,1,3,1,3,2,4,1,2,1,3,2,10,2,210000,0.1,189000,1,3,1,1
1014,2,2,2,2,3,1,3,1,4,2,2,2,3,2,7,3,153000,0.15,130050,1,1,1,1
1015,2,2,1,1,3,1,1,1,3,1,1,2,2,2,10,2,146000,0.15,124100,2,3,3,1
1016,2,4,1,2,2,2,2,1,3,1,1,2,3,2,9,3,165000,0.2,132000,2,2,2,1
1017,1,5,2,2,2,2,2,1,3,2,2,2,3,2,13,1,185000,0.1,166500,1,2,3,1
1018,1,5,1,1,3,1,3,1,2,2,1,2,3,2,12,3,183000,0.15,155550,2,1,3,1
1019,1,2,1,1,3,2,4,1,2,2,1,1,2,3,5,2,184000,0.2,147200,1,2,2,1
1020,2,4,1,1,3,1,2,1,4,1,2,2,3,2,11,3,114000,0.15,96900,2,2,3,1
1021,2,4,1,2,3,2,1,1,3,2,2,1,2,2,10,3,172000,0.2,137600,2,2,3,1
1022,1,3,2,1,2,1,2,1,4,2,2,2,3,2,7,3,141000,0.15,119850,1,3,1,1
1023,2,5,1,2,3,2,1,1,4,2,2,2,3,1,8,1,128000,0.1,115200,1,3,1,1
1024,1,4,1,1,3,1,2,1,3,1,1,2,3,1,9,2,251000,0.1,225900,1,1,3,1
1025,1,4,1,1,3,2,2,1,4,1,1,2,3,1,9,3,205000,0.1,184500,1,2,1,1
1026,2,1,1,1,3,1,1,2,1,2,1,2,1,2,11,3,183000,0.1,164700,2,2,1,1
1027,2,3,1,2,3,1,2,1,4,1,1,1,3,1,11,2,187000,0.1,168300,1,1,1,1
1028,1,5,1,2,2,2,2,2,4,1,2,1,3,2,10,3,178000,0.1,160200,2,1,2,1
1029,1,4,1,1,2,2,2,1,3,2,2,2,2,1,8,2,345000,0.15,293250,2,1,1,1
1030,2,2,2,1,3,1,3,1,2,2,2,2,3,1,8,1,139000,0.1,125100,2,2,2,1
1031,1,4,1,1,2,2,2,1,3,2,2,2,2,2,10,3,137000,0.2,109600,2,3,3,1
1032,2,1,1,2,2,1,2,2,4,2,2,2,2,1,10,3,163000,0.1,146700,2,3,3,1
1033,2,4,1,2,3,1,1,1,4,2,1,2,3,1,8,3,184000,0.15,156400,1,2,1,1
1034,1,4,1,1,3,1,4,1,4,2,2,1,3,2,10,3,266000,0.15,226100,1,2,1,1
1035,1,3,1,1,2,2,2,1,4,2,1,2,3,4,8,3,219000,0.15,186150,2,2,3,1
1036,1,2,1,1,2,1,2,1,3,2,1,1,2,3,10,3,183000,0.1,164700,2,2,2,1
1037,2,2,1,2,3,2,1,1,2,1,2,2,3,3,10,3,212000,0.15,180200,1,3,3,1
1038,2,5,2,1,3,1,4,1,4,1,2,2,2,2,8,3,182000,0.2,145600,1,2,2,1
1039,1,4,2,2,2,1,2,1,1,2,1,1,3,2,8,3,186000,0.2,148800,2,3,3,1
1040,2,3,2,2,3,1,1,1,1,2,2,1,3,2,6,3,235000,0.15,199750,2,2,2,1
1041,2,1,1,2,3,2,1,1,3,1,2,2,3,1,7,1,189000,0.1,170100,2,2,2,1
1042,1,3,1,2,2,1,2,1,3,1,1,1,3,3,10,1,166000,0.15,141100,2,2,3,1
1043,1,5,1,2,2,1,2,1,3,2,2,2,3,2,7,1,175000,0.15,148750,1,1,2,1
1044,2,4,2,2,2,2,2,1,1,1,1,2,3,2,11,2,170000,0.15,144500,2,3,2,1
1045,2,4,1,1,3,1,1,1,4,2,2,2,2,4,8,2,203000,0.1,182700,2,1,3,1
1046,1,5,1,2,2,1,2,1,3,2,1,2,1,1,7,2,169000,0.2,135200,2,2,2,1
1047,1,2,1,1,2,1,2,1,2,1,1,2,3,3,8,3,195000,0.1,175500,2,3,3,1
1048,2,2,1,1,3,2,1,1,4,2,1,2,3,3,8,3,196000,0.1,176400,1,3,3,1
1049,1,2,1,1,3,2,2,4,4,2,2,1,3,2,9,2,182000,0.15,154700,2,3,3,1
1050,2,2,1,2,2,2,2,1,3,2,1,2,3,1,11,3,220000,0.15,187000,1,3,2,1
1051,1,1,1,1,3,2,2,1,4,2,2,2,3,3,8,2,196000,0.1,176400,2,2,3,1
1052,1,4,1,2,2,2,2,1,2,2,1,2,3,1,11,3,234000,0.15,198900,2,1,1,1
1053,1,1,1,1,2,1,2,1,2,2,2,2,2,3,8,3,171000,0.1,153900,1,3,3,1
1054,2,5,1,1,3,1,1,1,4,2,1,2,2,2,10,3,176000,0.1,158400,2,3,3,1
1055,2,4,1,1,3,2,3,1,3,2,2,1,3,1,10,3,174000,0.15,147900,1,2,2,1
1056,2,4,1,2,3,2,2,1,2,2,2,1,3,3,5,3,197000,0.1,177300,1,2,2,1
1057,1,2,1,2,2,2,2,1,1,1,1,1,3,1,11,3,114000,0.1,102600,1,2,2,1
1058,2,3,1,1,3,2,4,1,1,2,1,2,3,1,8,3,165000,0.1,148500,1,2,1,1
1059,2,1,1,2,1,2,2,3,2,2,1,2,2,1,9,3,227000,0.15,192950,1,2,1,0
1060,2,4,1,1,3,2,2,1,3,2,2,2,2,1,9,3,174000,0.15,147900,1,3,3,1
1061,2,5,1,1,3,2,2,1,2,2,2,1,3,2,8,2,184000,0.1,165600,1,1,2,1
1062,2,3,1,1,3,2,1,4,4,2,2,2,3,2,6,3,173000,0.1,155700,2,3,1,1
1063,1,3,2,1,2,2,2,1,4,2,1,2,2,2,9,3,277000,0.1,249300,1,3,2,1
1064,2,4,1,1,3,1,1,2,2,2,2,1,3,3,10,3,202000,0.1,181800,1,2,2,1
1065,2,1,1,2,3,1,3,1,3,1,2,2,2,2,11,2,174000,0.1,156600,2,2,3,1
1066,2,2,2,1,2,1,2,1,4,2,1,2,2,2,12,2,135000,0.1,121500,1,1,3,1
1067,2,2,2,1,3,2,1,1,4,2,1,1,2,3,8,3,223000,0.15,189550,1,2,2,1
1068,2,3,1,2,3,2,1,2,3,1,1,1,2,3,7,3,181000,0.15,153850,2,3,1,1
1069,1,4,1,1,3,2,3,1,3,1,1,1,3,1,12,3,169000,0.2,135200,2,1,3,1
1070,1,3,1,1,3,2,3,1,3,2,1,1,3,2,8,3,168000,0.1,151200,2,3,2,1
1071,2,4,1,2,2,1,2,1,4,2,2,2,3,2,10,3,136000,0.1,122400,1,3,1,1
1072,2,4,2,2,3,2,1,1,2,2,1,1,3,2,4,2,214000,0.1,192600,1,2,3,1
1073,2,4,1,1,3,2,1,1,1,1,2,2,3,3,12,3,149000,0.15,126650,2,1,3,1
1074,1,1,2,1,2,1,2,3,4,1,2,2,2,3,7,3,182000,0.15,154700,1,2,3,1
1075,2,4,1,1,3,2,1,1,2,2,2,1,2,2,7,1,213000,0.15,181050,1,2,2,1
1076,1,3,1,1,2,2,2,1,2,2,2,2,3,2,10,3,176000,0.15,149600,2,2,3,1
1077,2,2,1,1,3,2,3,1,2,2,1,2,1,1,8,2,197000,0.1,177300,2,2,1,1
1078,2,2,1,1,2,2,2,1,3,1,1,1,3,2,7,1,202000,0.1,181800,1,1,2,1
1079,1,2,2,2,2,1,2,1,1,2,2,2,2,2,9,2,161000,0.1,144900,1,2,3,1
1080,2,5,2,2,3,2,2,1,4,1,1,1,3,2,8,3,144000,0.1,129600,1,2,3,1
1081,2,4,2,1,3,2,1,1,2,2,2,2,3,2,7,2,209000,0.1,188100,1,3,2,1
1082,2,4,1,1,3,2,1,1,4,2,2,2,2,1,10,1,192000,0.1,172800,2,2,2,1
1083,2,4,2,2,3,1,1,1,3,1,1,2,3,2,9,1,209000,0.1,188100,2,2,2,1
1084,2,2,2,2,3,1,3,1,3,2,2,1,1,1,5,3,185000,0.2,148000,1,2,2,1
1085,2,2,1,1,3,1,1,1,4,1,1,2,3,3,10,3,105000,0.15,89250,2,1,2,1
1086,2,5,1,1,3,1,1,1,3,2,1,2,3,1,8,2,193000,0.1,173700,2,1,2,1
1087,1,4,1,2,2,1,2,2,1,1,1,2,2,3,6,3,174000,0.1,156600,2,1,2,1
1088,1,3,2,1,2,2,2,1,4,2,1,2,2,3,8,3,199000,0.15,169150,1,3,2,1
1089,2,4,1,1,3,2,1,1,1,1,2,1,2,4,6,2,182000,0.1,163800,2,2,2,1
1090,1,5,1,1,3,1,3,1,4,2,1,2,2,1,10,3,170000,0.1,153000,2,2,3,1
1091,2,4,2,1,1,1,2,1,1,1,2,1,3,2,4,3,166000,0.15,141100,1,3,3,0
1092,2,2,1,2,3,1,1,1,1,2,1,1,2,3,9,3,170000,0.1,153000,1,2,3,1
1093,2,4,1,2,3,2,1,1,4,2,1,2,3,2,9,3,173000,0.1,155700,1,2,2,1
1094,2,4,1,1,3,2,1,1,4,2,1,1,2,1,9,3,92000,0.15,78200,2,2,2,1
1095,1,4,1,2,2,1,2,1,4,2,1,1,2,2,8,3,136000,0.15,115600,2,3,1,1
1096,2,2,2,2,2,2,2,3,3,1,2,2,1,2,8,2,186000,0.15,158100,2,2,2,1
1097,2,3,1,1,3,1,1,1,3,1,1,1,3,1,8,3,157000,0.15,133450,2,1,3,1
1098,2,1,2,2,3,1,1,2,4,2,2,2,2,1,10,2,190000,0.15,161500,2,1,3,1
1099,2,5,1,2,3,1,4,1,3,1,1,1,3,2,7,3,210000,0.2,168000,1,2,3,1
1100,1,4,1,2,2,1,2,1,1,1,1,2,3,3,8,2,173000,0.2,138400,2,3,3,1
1101,1,4,1,1,2,1,2,1,4,2,1,1,2,2,6,3,228000,0.2,182400,2,1,3,1
1102,2,2,2,1,3,1,1,2,4,1,1,1,3,1,8,3,142000,0.15,120700,1,1,2,1
1103,2,5,2,1,3,2,1,1,4,1,2,2,3,2,12,3,136000,0.2,108800,2,1,1,1
1104,1,4,1,2,2,2,2,4,4,1,2,1,3,2,16,1,234000,0.2,187200,1,1,2,1
1105,2,3,1,2,2,1,2,1,2,2,2,1,2,3,6,3,80000,0.1,72000,1,2,2,1
1106,2,4,1,2,2,2,2,1,4,1,2,2,3,1,10,3,143000,0.2,114400,2,2,1,1
1107,1,2,1,2,2,2,2,1,2,1,2,1,3,2,9,3,200000,0.15,170000,2,1,1,1
1108,2,5,1,1,3,1,1,3,2,2,2,2,3,2,12,3,176000,0.1,158400,1,3,3,1
1109,1,2,1,1,3,2,2,2,4,1,1,1,3,2,10,2,185000,0.2,148000,2,3,2,1
1110,2,1,1,1,3,2,2,1,3,2,1,1,3,1,9,3,180000,0.15,153000,1,2,3,1
1111,2,4,1,2,3,2,3,1,2,2,1,2,2,3,9,3,215000,0.2,172000,2,2,1,1
1112,2,3,2,2,3,1,1,2,2,2,1,2,2,3,6,3,138000,0.1,124200,1,2,2,1
1113,2,2,2,2,2,1,2,1,3,2,2,1,1,1,10,3,144000,0.15,122400,2,2,1,1
1114,1,1,1,2,2,1,2,1,4,2,1,1,3,1,7,1,138000,0.1,124200,1,3,1,1
1115,2,4,2,1,3,1,3,1,4,2,2,1,3,2,7,1,149000,0.1,134100,1,1,2,1
1116,1,2,2,2,2,1,2,1,2,2,1,2,3,2,7,2,145000,0.1,130500,1,3,1,1
1117,2,4,2,2,3,1,4,2,1,2,2,2,2,2,10,3,177000,0.2,141600,1,1,3,1
1118,2,4,1,2,3,1,1,1,3,2,2,1,3,1,6,3,174000,0.2,139200,2,2,3,1
1119,2,1,1,1,3,2,1,1,4,2,1,1,3,2,11,3,165000,0.15,140250,1,1,2,1
1120,2,3,2,2,3,1,3,2,4,1,1,1,3,3,11,3,183000,0.2,146400,1,2,2,1
1121,1,2,1,1,3,2,2,3,4,2,1,2,3,2,13,3,181000,0.1,162900,2,3,3,1
1122,2,2,2,1,2,2,2,1,3,2,2,1,3,3,9,2,139000,0.1,125100,2,3,3,1
1123,1,2,1,1,2,2,2,1,4,1,2,1,1,2,6,3,187000,0.1,168300,1,3,2,1
1124,1,2,1,1,2,2,2,1,3,2,1,2,3,4,6,3,174000,0.15,147900,2,2,3,1
1125,2,2,1,2,3,1,2,1,1,2,2,1,3,1,7,2,90000,0.2,72000,2,3,2,1
1126,1,4,1,1,3,1,3,4,1,2,2,2,3,1,12,3,216000,0.15,183600,1,3,1,1
1127,2,1,1,1,2,1,2,4,1,2,2,1,3,2,11,1,182000,0.15,154700,1,3,2,1
1128,2,5,2,2,1,2,2,1,3,1,1,2,3,3,8,3,209000,0.1,188100,1,1,2,1
1129,1,5,1,1,3,2,2,1,4,1,1,1,3,2,13,1,152000,0.15,129200,1,1,3,1
1130,2,3,1,1,3,1,1,1,3,1,1,2,3,1,8,2,146000,0.1,131400,1,2,3,1
1131,2,3,1,1,3,1,3,2,4,1,1,2,2,2,7,1,196000,0.15,166600,1,3,3,1
1132,2,2,1,1,1,1,2,1,4,1,2,2,3,2,10,3,250000,0.15,212500,1,2,2,0
1133,1,1,1,1,3,2,2,1,1,2,2,1,3,3,10,3,211000,0.1,189900,2,1,1,1
1134,1,5,1,2,2,1,2,1,2,1,2,2,2,2,8,3,215000,0.15,182750,2,2,1,1
1135,2,4,1,2,3,1,3,1,4,2,2,2,3,2,7,3,186000,0.1,167400,1,2,3,1
1136,1,4,1,1,2,1,2,1,2,2,2,2,1,2,10,1,178000,0.1,160200,1,3,2,1
1137,1,2,1,1,3,1,2,4,4,1,1,2,3,1,7,1,167000,0.1,150300,1,3,2,1
1138,1,5,1,1,2,2,2,1,3,2,2,2,3,2,9,3,201000,0.15,170850,2,1,1,1
1139,1,2,2,1,2,1,2,1,1,2,2,1,3,2,8,3,190000,0.1,171000,2,3,2,1
1140,1,1,1,1,2,1,2,1,3,2,1,2,3,2,5,2,255000,0.15,216750,1,2,3,1
1141,2,3,2,1,3,1,1,1,4,2,2,2,3,1,6,2,200000,0.2,160000,1,2,2,1
1142,2,2,1,2,3,1,1,1,3,2,2,2,3,1,10,2,192000,0.15,163200,1,2,3,1
1143,2,2,1,1,3,1,2,1,4,2,2,2,3,1,9,2,121000,0.15,102850,1,2,1,1
1144,2,4,1,1,3,2,1,3,2,1,2,2,3,2,7,2,252000,0.1,226800,1,2,2,1
1145,2,1,1,2,3,2,1,1,2,2,2,2,3,1,10,3,172000,0.1,154800,1,3,1,1
1146,1,3,2,1,2,1,2,1,4,2,1,1,2,2,11,3,200000,0.1,180000,2,2,2,1
1147,1,3,1,2,2,1,2,1,3,2,1,2,3,2,8,2,170000,0.1,153000,1,3,2,1
1148,1,4,1,2,2,2,2,4,4,1,2,2,2,3,8,3,191000,0.15,162350,1,3,3,1
1149,2,4,2,2,2,1,2,1,4,2,2,2,3,2,7,3,152000,0.15,129200,2,2,1,1
1150,2,3,2,1,2,2,2,1,3,2,2,1,2,2,8,3,181000,0.1,162900,1,1,3,1
1151,1,5,1,1,2,2,2,1,4,1,2,2,2,2,10,3,197000,0.1,177300,2,2,2,1
1152,2,5,2,2,2,1,2,2,4,2,2,1,2,2,10,2,149000,0.15,126650,2,1,2,1
1153,2,1,1,1,2,1,2,1,3,2,1,2,2,1,12,1,128000,0.1,115200,1,2,2,1
1154,2,5,1,1,2,2,2,1,2,2,2,2,2,2,8,3,184000,0.15,156400,2,3,2,1
1155,1,4,2,1,2,2,2,1,3,2,1,2,2,2,8,3,199000,0.1,179100,1,3,1,1
1156,1,4,2,1,2,2,2,3,3,2,1,1,3,2,10,1,127000,0.1,114300,1,2,2,1
1157,2,5,1,1,3,1,1,1,2,2,2,1,3,1,9,3,172000,0.15,146200,1,2,1,1
1158,2,3,2,1,3,2,1,4,4,1,2,2,3,1,9,2,196000,0.1,176400,2,2,2,1
1159,2,3,1,1,3,2,1,1,2,1,2,2,2,3,10,1,113000,0.2,90400,1,3,2,1
1160,2,5,1,1,3,2,1,1,3,2,1,2,2,1,6,3,193000,0.1,173700,2,2,3,1
1161,2,3,1,2,3,1,1,1,2,2,1,2,3,1,11,3,179000,0.15,152150,1,2,1,1
1162,1,5,1,1,3,2,3,1,2,2,1,2,3,2,9,3,161000,0.15,136850,2,2,1,1
1163,1,3,2,1,2,1,2,1,4,1,2,1,2,1,6,3,191000,0.1,171900,2,2,1,1
1164,2,4,2,2,3,1,3,2,4,2,2,1,2,1,9,3,204000,0.2,163200,1,2,1,1
1165,2,4,2,2,3,2,1,1,3,2,1,2,3,2,8,3,186000,0.2,148800,2,2,1,1
1166,2,4,1,2,3,2,1,1,4,2,1,2,1,2,8,3,185000,0.2,148000,2,3,3,1
1167,2,5,1,1,3,2,2,1,4,1,1,1,2,1,11,3,207000,0.2,165600,2,2,1,1
1168,2,4,2,1,2,1,2,4,2,2,1,2,3,2,8,3,115000,0.1,103500,2,3,3,1
1169,1,3,1,1,3,1,3,2,2,2,2,2,3,3,7,2,227000,0.15,192950,1,2,2,1
1170,2,5,1,2,3,2,1,4,3,2,1,2,3,2,7,1,162000,0.15,137700,2,3,1,1
1171,2,2,1,2,3,1,1,1,3,2,2,2,3,1,9,3,194000,0.1,174600,2,3,2,1
1172,1,2,2,1,2,1,2,1,3,2,2,2,3,1,6,3,171000,0.15,145350,1,3,3,1
1173,2,4,1,2,3,1,1,3,3,1,2,1,3,2,12,3,99000,0.1,89100,1,3,2,1
1174,1,2,1,1,2,1,2,1,4,2,2,2,2,1,9,3,215000,0.15,182750,2,3,1,1
1175,2,3,1,2,2,1,2,1,4,2,2,2,2,2,10,3,172000,0.1,154800,2,2,2,1
1176,1,5,1,1,2,2,2,4,3,2,1,2,3,2,13,3,217000,0.1,195300,1,2,1,1
1177,1,4,2,2,2,1,2,1,4,2,1,1,3,2,12,3,309000,0.2,247200,2,3,2,1
1178,2,4,1,1,3,2,1,1,4,2,2,2,3,2,9,2,156000,0.2,124800,2,2,3,1
1179,1,3,1,2,2,2,2,2,4,2,2,1,3,4,11,3,181000,0.15,153850,1,2,3,1
1180,1,4,1,1,2,2,2,1,2,1,1,1,3,1,9,3,141000,0.15,119850,1,2,1,1
1181,2,3,2,1,3,2,1,1,1,1,2,1,3,3,9,3,218000,0.1,196200,2,3,1,1
1182,1,4,2,1,2,1,2,1,1,1,2,1,3,2,8,3,199000,0.1,179100,2,1,3,1
1183,2,4,2,1,3,1,1,4,3,2,2,1,3,2,10,3,127000,0.1,114300,1,1,3,1
1184,2,3,2,1,3,1,1,1,2,1,2,2,3,3,10,3,185000,0.15,157250,2,3,2,1
1185,2,4,2,2,3,2,1,1,1,1,2,1,3,1,10,2,185000,0.2,148000,2,2,1,1
1186,1,3,1,1,3,1,3,1,3,1,2,2,2,2,12,2,197000,0.15,167450,1,1,3,1
1187,2,4,1,1,3,2,1,1,2,2,2,2,3,1,7,2,183000,0.2,146400,2,2,1,1
1188,2,3,1,1,3,1,1,1,1,2,1,1,3,2,11,2,183000,0.2,146400,2,1,3,1
1189,1,4,1,1,3,1,2,1,2,2,2,2,3,2,10,3,166000,0.1,149400,2,2,3,1
1190,2,4,1,2,3,1,1,1,2,1,1,2,2,2,7,3,167000,0.1,150300,1,1,3,1
1191,1,4,1,1,3,2,4,1,2,2,2,1,2,2,11,3,250000,0.15,212500,1,3,3,1
1192,2,5,1,2,3,1,1,1,1,2,2,2,3,1,10,3,102000,0.15,86700,2,3,2,1
1193,2,1,1,1,3,2,1,1,3,1,2,1,3,1,12,2,170000,0.1,153000,2,2,2,1
1194,1,4,1,1,3,1,4,1,3,2,2,1,3,1,8,3,175000,0.2,140000,2,1,2,1
1195,2,4,1,1,3,1,1,1,4,2,1,1,2,4,11,3,207000,0.15,175950,2,2,2,1
1196,2,4,1,2,3,2,1,1,4,2,2,2,2,3,8,2,115000,0.1,103500,1,2,1,1
1197,2,5,1,2,3,2,1,4,2,2,2,2,3,3,3,3,130000,0.15,110500,1,3,3,1
1198,1,2,1,1,2,2,2,3,2,2,1,1,1,1,10,1,213000,0.15,181050,2,2,3,1
1199,2,1,1,2,1,1,2,1,4,2,2,2,3,2,8,3,190000,0.1,171000,2,1,2,1
1200,2,1,1,2,3,1,1,1,4,2,1,2,2,3,9,3,169000,0.1,152100,1,2,2,1
1201,2,4,1,2,3,2,1,1,4,2,2,1,3,3,6,1,179000,0.2,143200,2,3,2,1
1202,2,5,1,2,3,1,1,1,2,2,1,2,3,2,10,3,204000,0.1,183600,2,3,3,1
1203,2,2,1,1,3,2,1,1,2,1,2,1,2,3,8,1,158000,0.15,134300,2,2,2,1
1204,1,2,2,2,2,2,2,1,4,1,2,2,2,2,10,3,98000,0.1,88200,1,3,1,1
1205,1,1,1,1,3,1,2,1,3,1,2,2,1,2,7,3,176000,0.2,140800,1,1,2,1
1206,2,4,1,2,3,1,1,2,3,2,2,1,3,1,7,3,223000,0.15,189550,2,3,3,1
1207,2,4,1,1,3,1,1,1,3,2,1,2,3,1,10,2,181000,0.1,162900,2,2,2,1
1208,2,1,1,2,1,1,2,1,4,2,2,2,3,2,8,3,180000,0.15,153000,2,1,2,1
1209,2,4,2,1,3,2,3,2,1,2,1,2,3,2,8,3,177000,0.15,150450,2,3,3,1
1210,1,4,2,2,2,1,2,1,4,1,2,2,3,3,12,2,221000,0.15,187850,2,2,2,1
1211,2,3,1,1,3,1,1,3,4,2,1,1,2,2,6,3,236000,0.15,200600,2,2,3,1
1212,1,5,1,1,3,1,3,2,2,2,1,2,2,3,13,2,98000,0.2,78400,2,3,1,1
1213,2,1,1,2,2,1,2,1,3,2,2,2,3,2,9,2,247000,0.1,222300,2,3,3,1
1214,2,3,2,2,3,1,1,3,3,2,1,2,3,4,9,3,168000,0.1,151200,2,1,1,1
1215,2,4,1,2,3,2,3,1,4,1,1,2,3,2,11,3,270000,0.15,229500,1,2,2,1
1216,1,3,1,1,2,1,2,2,2,1,2,1,2,1,11,3,177000,0.15,150450,2,3,1,1
1217,2,4,1,2,3,1,1,1,1,1,1,2,3,3,11,2,222000,0.2,177600,1,3,2,1
1218,2,4,2,2,3,2,1,1,1,1,2,1,1,2,11,3,175000,0.1,157500,2,2,1,1
1219,1,4,1,1,3,1,3,1,3,1,2,1,1,1,12,2,150000,0.15,127500,2,2,2,1
1220,1,3,1,2,2,2,2,1,2,1,2,2,3,2,8,3,148000,0.1,133200,2,1,2,1
1221,2,4,1,2,2,2,2,1,4,1,2,1,3,2,11,3,193000,0.1,173700,1,2,3,1
1222,1,4,1,1,3,2,4,2,3,2,2,2,3,1,8,3,186000,0.1,167400,1,3,2,1
1223,2,2,1,2,3,2,1,1,2,2,1,2,3,3,11,3,186000,0.1,167400,1,1,2,1
1224,2,1,1,1,3,2,4,4,3,2,1,2,2,4,10,3,169000,0.1,152100,1,2,2,1
1225,1,4,2,2,2,2,2,4,3,2,1,2,2,1,12,3,217000,0.15,184450,1,3,2,1
1226,2,3,1,1,3,1,1,1,3,2,2,2,3,3,9,2,145000,0.15,123250,2,2,3,1
1227,2,2,1,2,3,2,1,1,4,1,1,2,3,3,8,3,225000,0.1,202500,1,3,3,1
1228,1,3,1,2,2,1,2,1,1,1,1,1,3,1,8,2,183000,0.1,164700,1,1,2,1
1229,2,4,2,2,3,2,1,1,1,2,1,1,3,1,12,3,196000,0.2,156800,1,2,2,1
1230,1,4,1,2,2,1,2,1,2,1,1,1,3,2,8,3,155000,0.15,131750,1,3,1,1
1231,2,2,1,2,3,1,1,1,3,2,1,2,2,2,9,1,169000,0.15,143650,2,2,1,1
1232,1,5,1,1,3,2,3,1,3,2,1,1,3,2,11,3,229000,0.15,194650,1,2,3,1
1233,1,4,1,1,2,1,2,2,3,2,1,2,2,1,7,3,184000,0.15,156400,1,3,3,1
1234,2,5,1,2,3,1,1,1,4,1,1,1,3,2,9,2,178000,0.15,151300,1,2,3,1
1235,1,3,1,2,2,2,2,1,2,2,2,1,3,1,8,3,230000,0.2,184000,1,3,3,1
1236,2,4,2,2,3,2,2,1,4,2,2,2,3,2,9,2,217000,0.1,195300,2,2,2,1
1237,2,2,2,1,2,2,2,1,3,2,1,2,3,3,2,1,173000,0.1,155700,1,2,1,1
1238,1,5,1,1,3,2,2,1,4,2,1,2,3,4,7,3,185000,0.15,157250,2,2,3,1
1239,1,5,1,1,2,1,2,1,3,2,1,2,3,3,10,3,153000,0.15,130050,2,2,1,1
1240,1,4,2,2,2,2,2,3,4,1,2,2,3,2,4,3,173000,0.1,155700,2,2,2,1
1241,2,4,1,1,3,1,2,4,4,2,2,1,3,2,12,3,117000,0.2,93600,1,3,2,1
1242,2,4,1,2,3,2,1,1,4,1,1,2,3,2,13,1,191000,0.1,171900,2,2,3,1
1243,1,3,1,1,3,2,3,1,4,1,1,2,3,2,8,3,189000,0.1,170100,2,1,3,1
1244,1,4,1,1,3,2,3,1,3,2,1,1,3,2,10,2,245000,0.1,220500,2,3,1,1
1245,2,4,1,1,3,1,3,1,3,1,2,2,3,2,10,2,307000,0.15,260950,1,2,1,1
1246,2,1,2,2,3,2,1,1,2,2,1,2,3,2,10,2,220000,0.1,198000,2,3,1,1
1247,2,1,1,1,3,1,1,2,4,1,2,1,3,2,5,3,171000,0.2,136800,2,2,1,1
1248,2,5,1,2,3,1,1,1,2,2,2,1,3,2,8,2,134000,0.15,113900,2,2,3,1
1249,1,5,1,1,3,1,3,2,4,2,2,1,1,4,7,2,174000,0.1,156600,1,1,1,1
1250,2,2,1,1,3,1,1,2,4,1,1,2,1,2,10,2,165000,0.1,148500,1,1,2,1
1251,1,4,1,2,2,2,2,1,2,2,1,2,1,2,8,3,200000,0.1,180000,1,2,1,1
1252,2,2,2,1,2,1,2,1,2,2,2,1,3,2,10,3,146000,0.15,124100,1,2,1,1
1253,2,4,2,2,3,1,1,1,2,2,1,2,2,2,9,3,142000,0.2,113600,1,2,1,1
1254,2,5,1,1,2,2,2,2,2,2,2,1,3,2,8,3,199000,0.1,179100,2,2,2,1
1255,2,4,2,1,2,1,2,1,4,1,2,2,2,1,7,3,198000,0.2,158400,1,1,2,1
1256,1,2,1,1,3,2,3,1,1,2,1,1,2,3,11,3,106000,0.2,84800,1,1,3,1
1257,1,3,1,1,3,2,3,1,3,2,2,2,3,2,11,2,209000,0.1,188100,1,2,1,1
1258,2,4,1,1,3,2,1,2,3,2,2,2,3,2,8,2,150000,0.1,135000,2,2,1,1
1259,2,4,1,1,1,1,2,2,3,1,1,2,3,2,11,3,182000,0.1,163800,1,2,2,1
1260,2,1,2,1,3,1,3,1,4,1,2,2,3,2,8,2,76000,0.1,68400,2,3,3,1
1261,1,1,1,1,3,1,4,1,1,2,2,1,2,2,7,3,191000,0.15,162350,2,2,3,1
1262,2,3,1,1,3,1,1,1,3,2,2,2,2,1,7,3,176000,0.2,140800,2,2,1,1
1263,2,3,2,1,3,1,3,3,3,1,2,2,1,4,10,3,175000,0.2,140000,2,3,2,1
1264,2,4,1,1,3,2,2,1,3,1,2,2,2,1,10,3,300000,0.1,270000,1,3,2,1
1265,2,3,1,1,3,1,1,1,2,2,2,1,3,2,9,3,188000,0.1,169200,2,2,3,1
1266,2,4,1,1,3,2,4,1,2,2,2,2,3,1,9,2,134000,0.15,113900,1,2,2,1
1267,2,5,1,2,1,1,2,1,3,1,1,2,3,3,11,1,177000,0.1,159300,2,2,3,1
1268,2,5,1,1,3,2,1,1,4,1,2,2,3,1,11,3,215000,0.1,193500,2,3,3,1
1269,2,4,1,2,3,1,1,1,2,1,2,2,3,2,8,3,200000,0.2,160000,1,2,1,1
1270,1,1,1,2,2,2,2,1,2,2,2,2,3,2,13,3,201000,0.1,180900,2,2,1,1
1271,1,2,1,1,3,1,4,1,2,1,2,2,3,2,11,2,104000,0.1,93600,2,3,2,1
1272,1,2,1,1,3,2,3,1,4,1,1,1,3,2,10,3,345000,0.1,310500,2,2,1,1
1273,2,2,1,2,2,1,2,1,4,2,1,2,3,2,11,3,181000,0.1,162900,1,2,2,1
1274,2,2,1,1,3,1,2,1,2,2,2,2,3,1,7,3,177000,0.2,141600,1,2,2,1
1275,1,5,1,2,2,1,2,1,4,1,2,2,3,2,9,3,203000,0.1,182700,1,3,2,1
1276,2,3,1,2,3,1,3,4,3,2,1,2,3,1,9,2,165000,0.1,148500,2,2,2,1
1277,2,4,1,2,3,2,1,1,2,2,2,2,3,2,12,3,221000,0.1,198900,2,2,1,1
1278,2,5,2,2,1,2,2,1,3,1,2,2,2,2,9,2,200000,0.1,180000,1,3,2,0
1279,2,3,1,2,3,1,3,1,4,2,1,2,2,3,9,2,196000,0.1,176400,2,3,1,1
1280,2,5,2,1,3,1,1,3,4,1,1,2,3,2,7,3,176000,0.1,158400,2,1,3,1
1281,2,4,1,2,3,1,1,1,4,2,1,2,3,1,9,2,181000,0.1,162900,1,2,2,1
1282,2,4,1,2,3,2,1,1,2,2,1,2,3,3,7,1,167000,0.15,141950,2,2,2,1
1283,2,4,2,1,3,2,2,1,4,2,2,2,3,2,8,3,129000,0.1,116100,1,3,1,1
1284,2,4,1,1,1,1,2,1,4,2,2,2,3,2,7,3,184000,0.1,165600,2,1,2,0
1285,2,5,1,2,2,1,2,1,3,1,2,2,3,2,5,3,197000,0.15,167450,2,2,1,1
1286,1,5,1,2,2,1,2,1,2,2,1,2,1,2,9,2,159000,0.1,143100,2,2,2,1
1287,1,3,1,1,3,1,4,1,2,2,2,1,3,2,7,3,188000,0.1,169200,1,3,2,1
1288,1,4,1,1,2,1,2,1,1,2,2,2,3,3,6,2,126000,0.1,113400,1,1,2,1
1289,1,1,1,1,2,2,2,1,2,1,2,2,3,3,9,3,158000,0.15,134300,2,3,3,1
1290,2,3,1,1,2,2,2,1,4,2,2,1,3,2,8,3,204000,0.15,173400,2,2,1,1
1291,1,2,2,1,2,1,2,1,3,1,2,1,3,3,8,3,177000,0.15,150450,2,3,3,1
1292,2,2,2,1,3,1,1,1,4,2,1,2,3,2,6,2,232000,0.1,208800,2,2,2,1
1293,1,4,1,1,3,1,3,1,2,2,1,1,3,2,9,3,156000,0.15,132600,2,2,2,1
1294,2,3,1,1,2,2,2,1,2,2,2,2,3,1,11,2,191000,0.2,152800,1,2,2,1
1295,2,3,1,2,1,1,2,1,2,1,1,1,1,2,7,2,122000,0.1,109800,2,2,2,0
1296,2,4,2,1,1,2,2,2,2,2,1,2,3,2,8,3,207000,0.15,175950,1,3,3,0
1297,2,3,1,2,3,1,2,1,2,2,1,2,3,1,10,3,191000,0.1,171900,2,1,2,1
1298,1,5,1,1,2,2,2,1,4,1,2,2,3,2,10,3,172000,0.15,146200,2,3,2,1
1299,1,4,2,1,2,2,2,1,4,2,2,2,3,2,10,3,191000,0.2,152800,2,1,3,1
1300,2,4,1,2,3,1,1,1,4,2,1,2,1,2,8,3,187000,0.1,168300,2,1,1,1
1301,2,3,1,1,3,2,1,1,4,2,1,2,3,1,8,3,182000,0.1,163800,2,2,2,1
1302,2,4,1,2,1,2,2,1,1,1,1,2,3,1,11,3,290000,0.2,232000,2,2,1,0
1303,1,5,1,1,3,1,4,1,4,2,1,1,3,3,11,1,169000,0.15,143650,2,3,3,1
1304,2,4,1,1,3,2,1,1,4,1,2,2,3,2,7,3,269000,0.1,242100,2,2,2,1
1305,1,4,1,1,3,2,2,1,3,2,2,2,3,2,8,3,159000,0.1,143100,1,1,3,1
1306,1,2,1,2,2,1,2,1,1,1,2,2,2,2,7,3,193000,0.1,173700,1,2,2,1
1307,2,2,1,1,3,1,2,1,4,2,1,2,3,2,7,3,115000,0.2,92000,2,2,3,1
1308,1,2,1,1,3,2,3,1,4,1,1,1,3,2,8,2,186000,0.2,148800,1,3,3,1
1309,2,5,1,1,1,2,2,1,2,2,2,2,3,3,9,2,203000,0.1,182700,2,2,2,0
1310,2,4,2,2,3,2,1,1,3,2,1,2,3,2,8,3,174000,0.1,156600,2,2,2,1
1311,2,4,1,2,2,1,2,1,2,2,1,2,3,2,8,2,170000,0.15,144500,2,2,3,1
1312,2,4,1,2,3,1,1,1,4,2,1,2,1,2,8,1,161000,0.15,136850,2,3,3,1
1313,2,1,1,2,3,1,1,1,3,1,2,2,1,2,6,3,185000,0.1,166500,2,3,2,1
1314,2,4,2,1,3,2,1,1,2,2,2,1,3,2,10,2,201000,0.1,180900,2,1,1,1
1315,1,4,1,2,2,1,2,1,3,1,2,2,2,2,7,2,154000,0.1,138600,2,3,2,1
1316,1,1,2,2,2,2,2,2,1,2,1,1,3,2,12,1,154000,0.1,138600,2,1,2,1
1317,1,4,1,2,2,1,2,1,2,2,1,1,3,1,8,1,171000,0.2,136800,2,2,3,1
1318,1,5,2,2,2,1,2,1,2,2,2,2,3,3,9,2,189000,0.1,170100,2,3,3,1
1319,1,5,2,2,2,2,2,1,1,1,1,1,3,1,9,2,118000,0.1,106200,2,1,2,1
1320,2,2,2,1,3,2,1,2,2,2,1,1,3,1,7,3,150000,0.15,127500,2,2,3,1
1321,2,4,2,2,3,2,1,1,2,2,1,1,3,1,9,3,199000,0.15,169150,2,2,2,1
1322,2,5,1,1,3,1,2,1,2,2,2,2,3,2,11,3,191000,0.2,152800,2,2,2,1
1323,1,4,1,1,2,2,2,1,4,1,1,1,1,1,8,3,173000,0.1,155700,2,3,3,1
1324,1,1,1,1,3,2,3,3,3,1,2,2,2,1,11,3,220000,0.2,176000,1,2,2,1
1325,1,4,1,1,3,1,4,1,4,2,1,1,3,1,12,3,155000,0.15,131750,2,2,1,1
1326,1,5,1,1,2,2,2,1,4,1,1,2,3,2,9,3,226000,0.2,180800,1,2,1,1
1327,2,3,1,1,3,2,1,4,2,1,1,2,2,3,8,3,221000,0.2,176800,1,2,1,1
1328,2,1,2,1,1,2,2,1,4,2,2,2,3,2,7,2,190000,0.1,171000,2,1,1,0
1329,1,5,1,1,3,2,3,1,4,2,2,1,2,4,10,3,154000,0.2,123200,1,3,3,1
1330,2,1,1,1,3,2,1,1,4,2,2,1,2,2,8,3,228000,0.1,205200,2,1,1,1
1331,1,3,1,2,2,2,2,1,3,1,1,1,3,2,13,1,125000,0.2,100000,2,2,2,1
1332,1,4,1,1,3,1,2,1,4,2,1,2,3,2,10,2,118000,0.2,94400,1,2,2,1
1333,2,4,1,1,3,2,1,1,1,1,2,2,3,3,10,3,200000,0.1,180000,1,3,2,1
1334,1,2,1,2,2,1,2,2,3,1,1,2,3,2,7,3,172000,0.1,154800,1,2,3,1
1335,2,2,2,2,3,2,1,2,4,2,2,2,3,2,5,2,167000,0.1,150300,2,1,3,1
1336,2,3,1,2,3,1,1,2,4,2,2,2,2,2,9,3,177000,0.1,159300,1,2,3,1
1337,1,3,2,2,2,2,2,4,3,2,2,2,3,3,9,3,140000,0.1,126000,1,2,1,1
1338,2,3,1,1,3,2,3,1,2,1,2,2,3,2,8,3,162000,0.2,129600,2,2,2,1
1339,2,3,1,1,3,1,1,1,3,2,2,1,1,3,12,3,211000,0.2,168800,1,2,1,1
1340,2,4,1,2,3,2,1,4,4,2,2,1,3,2,8,3,168000,0.15,142800,2,2,2,1
1341,2,4,1,1,3,2,1,1,3,2,1,2,3,1,7,2,238000,0.1,214200,1,3,3,1
1342,1,3,2,1,2,1,2,4,4,2,1,2,2,2,7,3,156000,0.1,140400,2,1,3,1
1343,1,2,1,1,3,2,3,3,4,2,1,2,3,2,9,3,184000,0.15,156400,1,3,2,1
1344,1,2,1,1,2,1,2,1,4,2,2,1,3,1,11,2,179000,0.1,161100,2,2,3,1
1345,1,4,1,1,2,1,2,1,1,1,2,2,1,1,10,3,240000,0.2,192000,1,2,1,1
1346,1,4,1,2,2,1,2,1,1,1,1,2,3,2,7,3,202000,0.1,181800,1,2,1,1
1347,2,1,1,2,2,1,2,1,3,2,1,1,2,3,11,3,154000,0.15,130900,2,2,3,1
1348,2,4,1,2,3,1,1,1,4,2,1,1,2,3,8,3,190000,0.1,171000,2,3,2,1
1349,2,5,1,2,3,2,1,1,1,2,1,2,3,1,8,3,234000,0.2,187200,2,3,2,1
1350,2,4,1,2,3,1,3,1,4,2,2,2,1,2,9,3,246000,0.1,221400,1,2,1,1
1351,2,5,2,2,3,2,1,1,3,2,1,1,3,1,13,3,187000,0.1,168300,2,2,3,1
1352,2,2,1,1,3,1,1,1,2,2,2,2,2,1,8,3,149000,0.1,134100,2,2,3,1
1353,2,5,2,2,3,1,1,4,3,2,1,2,3,3,7,3,160000,0.1,144000,1,3,2,1
1354,1,5,1,1,2,1,2,2,2,1,2,1,3,2,7,1,222000,0.1,199800,2,1,3,1
1355,2,2,2,1,3,2,1,1,4,1,1,1,3,4,7,3,135000,0.1,121500,1,3,3,1
1356,1,1,1,2,2,1,2,1,4,2,2,1,3,2,6,3,272000,0.15,231200,1,1,2,1
1357,2,3,1,2,3,2,1,2,4,2,2,2,3,4,9,3,174000,0.15,147900,2,1,3,1
1358,1,2,1,2,2,2,2,1,4,2,2,1,3,4,8,2,230000,0.2,184000,1,1,2,1
1359,2,4,2,1,2,2,2,1,4,2,2,1,3,2,8,3,152000,0.1,136800,2,1,2,1
1360,1,2,1,1,2,1,2,1,3,2,1,2,1,2,8,3,170000,0.15,144500,2,2,1,1
1361,2,4,1,2,3,1,1,1,4,2,2,2,1,1,10,3,149000,0.1,134100,1,2,3,1
1362,1,1,2,2,2,2,2,1,2,1,2,1,3,2,12,3,208000,0.15,176800,1,1,2,1
1363,2,4,2,2,2,1,2,2,1,2,1,2,3,1,9,3,224000,0.15,190400,1,2,2,1
1364,2,5,1,1,3,2,1,1,3,2,1,2,3,3,4,3,175000,0.15,148750,2,1,1,1
1365,2,3,2,1,3,2,1,2,3,2,2,1,3,2,13,3,123000,0.1,110700,1,3,2,1
1366,1,2,1,1,3,2,3,1,4,1,1,2,3,2,10,1,457000,0.15,388450,1,1,2,1
1367,2,5,1,2,3,2,1,1,3,2,2,2,3,2,8,2,214000,0.15,181900,1,2,2,1
1368,2,2,1,1,3,1,1,1,2,2,2,1,3,3,9,3,155000,0.15,131750,2,1,1,1
1369,1,3,2,1,2,2,2,1,2,2,1,2,3,1,10,3,183000,0.1,164700,2,2,1,1
1370,2,4,1,2,2,1,2,1,3,2,2,1,3,1,6,3,175000,0.15,148750,1,2,3,1
1371,1,4,1,2,2,1,2,1,3,2,2,2,2,2,9,3,261000,0.15,221850,2,2,2,1
1372,1,2,1,1,3,1,2,1,3,2,2,2,2,2,11,3,213000,0.15,181050,2,3,3,1
1373,2,4,1,1,3,2,2,1,4,1,2,2,2,2,13,3,157000,0.2,125600,1,1,3,1
1374,2,4,1,1,3,2,2,1,3,2,2,2,3,2,10,1,218000,0.1,196200,2,3,3,1
1375,2,2,1,2,2,1,2,1,4,2,2,1,2,2,10,3,175000,0.15,148750,2,2,1,1
1376,2,2,1,1,3,2,1,1,1,2,1,2,3,2,9,3,167000,0.2,133600,2,2,2,1
1377,2,4,1,1,3,2,2,1,2,1,2,1,3,1,8,2,164000,0.1,147600,1,2,3,1
1378,2,3,2,2,2,1,2,2,3,2,2,1,3,2,5,1,98000,0.1,88200,1,2,1,1
1379,2,4,1,1,3,1,2,1,4,2,2,2,2,3,5,1,169000,0.15,143650,2,2,3,1
1380,2,1,1,2,3,2,1,3,4,2,2,2,3,1,6,2,123000,0.2,98400,2,2,2,1
1381,2,1,1,2,2,1,2,4,4,1,2,2,3,4,7,3,155000,0.1,139500,1,2,1,1
1382,2,3,1,1,3,1,1,2,4,1,2,2,3,2,9,3,209000,0.2,167200,2,2,2,1
1383,2,2,1,1,3,1,4,3,2,2,1,2,3,1,10,2,185000,0.15,157250,2,2,3,1
1384,2,2,2,2,3,1,1,1,2,2,1,1,3,2,10,3,184000,0.15,156400,1,2,2,1
1385,2,1,2,1,3,2,1,1,2,2,2,2,1,3,6,2,155000,0.1,139500,1,2,2,1
1386,2,4,1,1,3,2,1,1,4,1,1,2,2,1,5,2,194000,0.15,164900,1,3,2,1
1387,2,5,1,2,3,2,1,1,1,2,2,2,3,2,8,3,172000,0.1,154800,2,2,1,1
1388,1,5,1,1,2,1,2,1,4,2,1,2,3,2,12,2,268000,0.1,241200,1,3,1,1
1389,2,3,1,1,3,2,3,1,3,1,2,1,1,4,12,1,107000,0.2,85600,2,2,2,1
1390,2,5,2,2,3,1,2,1,3,1,1,1,3,2,7,3,261000,0.15,221850,1,1,2,1
1391,1,5,1,1,3,2,4,1,4,2,1,1,3,2,10,3,192000,0.1,172800,2,1,2,1
1392,2,1,1,1,3,1,1,2,3,1,1,2,2,2,9,2,151000,0.1,135900,1,2,3,1
1393,2,5,1,1,3,2,2,1,2,1,2,2,3,2,11,3,137000,0.2,109600,1,3,1,1
1394,1,5,1,1,3,1,2,3,4,1,1,2,3,1,8,1,221000,0.2,176800,2,2,3,1
1395,2,5,2,2,3,2,1,1,4,2,2,2,2,2,10,2,158000,0.2,126400,1,1,3,1
1396,2,3,2,2,3,1,1,1,4,1,1,2,2,2,12,3,98000,0.1,88200,1,2,2,1
1397,1,5,1,2,2,1,2,1,2,2,2,2,2,2,8,3,192000,0.15,163200,2,3,2,1
1398,2,2,1,1,3,2,1,1,4,1,1,2,3,2,7,2,148000,0.1,133200,2,2,2,1
1399,2,4,2,2,3,2,2,1,4,1,1,1,2,2,9,3,175000,0.15,148750,2,2,2,1
1400,2,2,2,1,3,2,1,1,1,2,2,2,1,1,9,2,150000,0.15,127500,1,3,2,1